Date,Surface,Rd,Opponent,Score,DR,A%,DF%,1stIn,1st%,2nd%,Player,Ret_TPW,Ret_RPW,Ret_vA%,Ret_v1st%,Ret_v2nd%,Ret_BPCnv,Ret_Time
7‑May‑2025,Clay,R128,Jordan Thompson,3-6 6-3 7-6(5),0.80,14.1%,2.2%,63.0%,74.1%,55.9%,Giovanni Mpetshi Perricard,48.3%,26.2%,6.3%,20.0%,34.3%,2/2,2:22
23‑Apr‑2025,Clay,R128,Mariano Navone,6-4 6-4,0.53,5.8%,1.4%,66.7%,73.9%,34.8%,Giovanni Mpetshi Perricard,43.4%,20.8%,3.8%,18.9%,25.0%,0/1,1:24
14‑Apr‑2025,Clay,R32,Hamad Medjedovic,7-5 7-6(6),0.55,8.8%,6.6%,71.4%,72.3%,46.2%,Giovanni Mpetshi Perricard,45.6%,19.4%,7.5%,19.1%,20.0%,0/2,1:46
7‑Apr‑2025,Clay,R64,Jordan Thompson,6-4 6-3,0.58,11.1%,4.9%,65.4%,56.6%,60.7%,Giovanni Mpetshi Perricard,45.4%,24.5%,2.0%,24.1%,25.0%,0/0,1:32
19‑Mar‑2025,Hard,R64,Jordan Thompson,7-6(4) 7-6(1),0.55,18.3%,2.4%,72.0%,72.9%,52.2%,Giovanni Mpetshi Perricard,45.3%,18.2%,10.6%,11.6%,30.4%,1/1,1:37
5‑Mar‑2025,Hard,R32,Tallon Griekspoor,7-6(3) 6-3,0.74,9.1%,9.1%,50.9%,78.6%,63.0%,Giovanni Mpetshi Perricard,45.2%,21.7%,16.7%,18.8%,25.0%,1/2,1:16
5‑Mar‑2025,Hard,R64,Fabian Marozsan,6-4 0-0 RET,1.71,35.7%,10.7%,57.1%,81.3%,66.7%,Giovanni Mpetshi Perricard,57.1%,42.9%,8.6%,42.1%,43.8%,1/5,0:42
24‑Feb‑2025,Hard,R16,Daniil Medvedev,6-4 6-4,0.43,4.1%,8.1%,66.2%,67.3%,48.0%,Giovanni Mpetshi Perricard,43.4%,16.7%,12.5%,4.2%,29.2%,0/0,1:22
24‑Feb‑2025,Hard,R32,Zhizhen Zhang,6-3 7-6(3),1.31,18.3%,2.8%,69.0%,85.7%,54.5%,Giovanni Mpetshi Perricard,53.9%,31.4%,10.0%,22.9%,50.0%,1/7,1:27
13‑Jan‑2025,Hard,R128,Gael Monfils,7-6(7) 6-3 6-7(6) 6-7(5) 6-4,0.87,10.5%,5.0%,62.4%,74.3%,61.8%,Giovanni Mpetshi Perricard,48.5%,26.4%,10.3%,15.7%,41.7%,0/0,3:46
30‑Dec‑2024,Hard,SF,Reilly Opelka,6-3 7-6(4),0.64,14.5%,7.2%,69.6%,79.2%,42.9%,Giovanni Mpetshi Perricard,45.1%,20.3%,18.8%,15.6%,31.6%,0/4,1:26
30‑Dec‑2024,Hard,QF,Jakub Mensik,7-5 7-6(5),1.30,26.4%,2.8%,65.3%,78.7%,72.0%,Giovanni Mpetshi Perricard,52.7%,30.8%,12.8%,20.8%,46.7%,1/2,1:32
30‑Dec‑2024,Hard,R16,Frances Tiafoe,6-4 7-6(4),1.09,26.7%,5.3%,66.7%,80.0%,44.0%,Giovanni Mpetshi Perricard,51.7%,34.7%,8.3%,18.4%,52.9%,1/3,1:32
30‑Dec‑2024,Hard,R32,Nick Kyrgios,7-6(2) 6-7(4) 7-6(3),1.04,32.4%,6.3%,65.8%,89.0%,63.2%,Giovanni Mpetshi Perricard,50.9%,20.6%,14.0%,17.3%,30.8%,0/2,2:27
28‑Oct‑2024,Hard,R32,Karen Khachanov,6-7(12) 6-1 6-4,0.41,21.7%,8.7%,56.5%,86.5%,47.5%,Giovanni Mpetshi Perricard,42.8%,12.3%,7.4%,7.1%,24.0%,0/0,1:54
28‑Oct‑2024,Hard,R64,Frances Tiafoe,6-7(5) 7-6(4) 6-3,0.77,25.5%,11.8%,55.5%,91.8%,46.9%,Giovanni Mpetshi Perricard,49.7%,21.8%,11.5%,21.1%,23.3%,1/1,2:01
21‑Oct‑2024,Hard,F,Ben Shelton,6-4 7-6(4),1.53,34.4%,3.1%,60.9%,84.6%,72.0%,Giovanni Mpetshi Perricard,53.6%,31.1%,13.5%,25.5%,43.5%,1/3,1:26
21‑Oct‑2024,Hard,SF,Holger Rune,7-6(6) 6-4,1.07,27.0%,3.2%,60.3%,86.8%,72.0%,Giovanni Mpetshi Perricard,51.6%,20.3%,8.5%,19.4%,21.4%,1/2,1:18
21‑Oct‑2024,Hard,QF,Denis Shapovalov,6-7(7) 6-3 7-6(3),1.03,24.5%,5.5%,65.5%,80.6%,63.2%,Giovanni Mpetshi Perricard,51.7%,26.3%,7.1%,19.6%,34.9%,1/3,2:06
21‑Oct‑2024,Hard,R16,Felix Auger Aliassime,6-1 7-6(6),1.93,39.3%,3.6%,69.6%,82.1%,82.4%,Giovanni Mpetshi Perricard,57.3%,34.4%,13.1%,26.3%,47.8%,2/7,1:22
21‑Oct‑2024,Hard,R32,James Duckworth,7-6(4) 6-3,1.43,32.3%,4.6%,67.7%,84.1%,57.1%,Giovanni Mpetshi Perricard,54.9%,35.3%,2.9%,22.5%,53.6%,1/4,1:19
14‑Oct‑2024,Hard,R32,Thiago Seyboth Wild,7-6(4) 6-3,0.78,20.0%,0.0%,71.7%,72.1%,70.6%,Giovanni Mpetshi Perricard,45.3%,22.1%,16.2%,15.2%,36.4%,0/0,1:18
2‑Oct‑2024,Hard,R128,Stan Wawrinka,7-6(2) 7-6(6),0.84,11.6%,4.7%,60.5%,86.5%,50.0%,Giovanni Mpetshi Perricard,48.5%,23.5%,16.0%,10.0%,36.6%,0/3,1:48
26‑Sep‑2024,Hard,R32,Carlos Alcaraz,6-4 6-4,0.71,12.7%,10.9%,43.6%,83.3%,54.8%,Giovanni Mpetshi Perricard,45.0%,23.2%,8.9%,26.5%,18.2%,0/3,1:21
18‑Sep‑2024,Hard,R16,Yannick Hanfmann,6-4 3-6 6-3,0.78,29.3%,6.7%,73.3%,83.6%,40.0%,Giovanni Mpetshi Perricard,47.3%,21.9%,11.0%,21.3%,23.1%,1/2,1:49
18‑Sep‑2024,Hard,R32,Fajing Sun,6-7(5) 7-5 6-4,1.08,32.1%,9.4%,68.9%,83.6%,51.5%,Giovanni Mpetshi Perricard,52.0%,28.6%,10.2%,22.5%,44.4%,2/2,2:28
26‑Aug‑2024,Hard,R128,Tomas Martin Etcheverry,6-4 6-2 6-3,0.33,15.5%,14.4%,53.6%,69.2%,40.0%,Giovanni Mpetshi Perricard,39.6%,14.5%,16.1%,13.3%,17.6%,0/0,1:58
12‑Aug‑2024,Hard,R64,Zhizhen Zhang,6-3 7-6(4),0.51,18.8%,14.5%,56.5%,69.2%,43.3%,Giovanni Mpetshi Perricard,42.5%,21.6%,11.8%,24.0%,19.2%,1/1,1:19
5‑Aug‑2024,Hard,Q1,Mackenzie Mcdonald,6-7(5) 6-3 6-4,0.86,20.0%,2.9%,59.0%,79.0%,41.9%,Giovanni Mpetshi Perricard,45.9%,31.3%,3.1%,25.7%,38.9%,0/17,2:40
29‑Jul‑2024,Hard,R16,Jordan Thompson,7-5 6-4,0.75,18.6%,10.0%,51.4%,77.8%,41.2%,Giovanni Mpetshi Perricard,45.3%,29.9%,7.5%,28.2%,32.1%,1/4,1:43
29‑Jul‑2024,Hard,R32,Emil Ruusuvuori,7-6(6) 7-6(6),1.07,29.8%,9.5%,61.9%,80.8%,59.4%,Giovanni Mpetshi Perricard,50.9%,29.4%,7.1%,23.5%,38.2%,1/2,1:50
1‑Jul‑2024,Grass,R16,Lorenzo Musetti,4-6 6-3 6-3 6-2,0.51,9.3%,7.4%,64.8%,67.1%,52.6%,Giovanni Mpetshi Perricard,42.9%,19.3%,3.4%,20.6%,16.0%,1/1,2:03
1‑Jul‑2024,Grass,R32,Emil Ruusuvuori,4-6 6-2 7-6(5) 6-4,1.47,24.1%,4.5%,68.8%,84.4%,57.1%,Giovanni Mpetshi Perricard,53.9%,35.3%,6.8%,31.1%,44.2%,3/11,2:12
1‑Jul‑2024,Grass,R64,Yoshihito Nishioka,6-4 6-1 6-2,2.43,41.5%,6.2%,69.2%,88.9%,65.0%,Giovanni Mpetshi Perricard,62.9%,44.8%,3.0%,42.0%,52.9%,5/7,1:11
1‑Jul‑2024,Grass,R128,Sebastian Korda,7-6(5) 6-7(4) 7-6(6) 6-7(4) 6-3,0.94,26.2%,5.1%,70.8%,84.1%,50.9%,Giovanni Mpetshi Perricard,50.8%,24.0%,10.5%,15.2%,40.7%,1/4,3:21
1‑Jul‑2024,Grass,Q3,Maxime Janvier,6-7(10) 7-5 7-6(4) 7-6(5),0.88,30.1%,3.4%,64.4%,80.9%,63.5%,Giovanni Mpetshi Perricard,48.8%,22.4%,6.3%,15.1%,36.0%,1/5,2:40
1‑Jul‑2024,Grass,Q2,Antoine Escoffier,7-6(5) 6-2,1.69,32.8%,4.9%,70.5%,86.0%,61.1%,Giovanni Mpetshi Perricard,55.1%,36.0%,9.3%,22.5%,51.4%,2/10,1:23
1‑Jul‑2024,Grass,Q1,Ugo Blanchet,6-2 7-5,2.48,26.7%,4.4%,57.8%,92.3%,68.4%,Giovanni Mpetshi Perricard,60.6%,44.1%,11.9%,41.2%,48.0%,4/10,1:03
17‑Jun‑2024,Grass,R16,Billy Harris,6-4 7-5,0.42,24.6%,1.6%,68.9%,83.3%,31.6%,Giovanni Mpetshi Perricard,42.9%,13.7%,17.6%,12.9%,15.0%,0/0,1:10
17‑Jun‑2024,Grass,R32,Ben Shelton,6-3 7-6(3),1.56,26.7%,8.3%,70.0%,90.5%,55.6%,Giovanni Mpetshi Perricard,55.4%,31.1%,14.8%,17.1%,60.0%,1/2,1:11
17‑Jun‑2024,Grass,Q2,Zizou Bergs,7-5 4-6 6-3,0.96,17.1%,7.6%,59.0%,77.4%,53.5%,Giovanni Mpetshi Perricard,50.5%,31.2%,6.5%,20.0%,44.2%,2/8,2:07
17‑Jun‑2024,Grass,Q1,Aleksandar Vukic,6-3 3-6 6-3,0.77,22.7%,9.3%,65.3%,77.6%,61.5%,Giovanni Mpetshi Perricard,49.6%,21.7%,13.3%,17.6%,26.9%,2/2,1:18
10‑Jun‑2024,Grass,R32,Lorenzo Musetti,7-6(9) 7-6(9),0.87,19.6%,4.7%,72.0%,76.6%,50.0%,Giovanni Mpetshi Perricard,49.5%,26.9%,4.3%,22.1%,40.0%,0/0,2:02
10‑Jun‑2024,Grass,Q2,Benjamin Hassan,7-6(5) 6-7(7) 7-6(5),1.00,32.5%,4.4%,68.4%,79.5%,69.4%,Giovanni Mpetshi Perricard,50.0%,23.7%,11.4%,15.2%,35.4%,1/1,2:11
10‑Jun‑2024,Grass,Q1,Vadym Ursu,6-3 6-4,1.46,25.9%,5.2%,63.8%,73.0%,71.4%,Giovanni Mpetshi Perricard,56.5%,40.4%,7.0%,21.9%,64.0%,2/5,1:18
20‑May‑2024,Clay,F,Tomas Martin Etcheverry,6-4 1-6 7-6(7),0.92,10.5%,1.9%,71.4%,68.0%,43.3%,Giovanni Mpetshi Perricard,49.0%,36.1%,5.2%,34.8%,38.7%,3/6,2:28
20‑May‑2024,Clay,SF,Alexander Bublik,6-4 7-5,1.86,5.5%,3.6%,72.7%,85.0%,53.3%,Giovanni Mpetshi Perricard,56.9%,43.9%,9.8%,36.7%,54.5%,3/10,1:17
20‑May‑2024,Clay,QF,Hugo Gaston,6-4 4-6 6-3,1.17,14.0%,6.5%,63.4%,72.9%,50.0%,Giovanni Mpetshi Perricard,52.6%,41.4%,1.0%,33.3%,57.6%,4/11,1:58
20‑May‑2024,Clay,R32,Lorenzo Sonego,6-3 6-4,1.70,16.0%,0.0%,68.0%,82.4%,75.0%,Giovanni Mpetshi Perricard,56.3%,34.0%,3.8%,24.3%,56.3%,2/4,1:19
13‑May‑2024,Clay,QF,Gregoire Barrere,6-4 6-4,0.76,10.6%,4.5%,65.2%,74.4%,39.1%,Giovanni Mpetshi Perricard,46.4%,28.8%,6.8%,27.3%,33.3%,0/0,1:12
13‑May‑2024,Clay,R16,Alexander Shevchenko,7-6(2) 3-6 6-3,0.96,14.0%,5.4%,64.5%,85.0%,36.4%,Giovanni Mpetshi Perricard,50.0%,31.0%,9.2%,22.9%,41.0%,2/5,1:49
13‑May‑2024,Clay,R32,Constant Lestienne,7-6(5) 6-2,1.45,7.5%,0.0%,59.7%,77.5%,66.7%,Giovanni Mpetshi Perricard,53.9%,38.8%,3.5%,36.5%,42.4%,2/9,1:29
6‑May‑2024,Clay,Q1,Gregoire Barrere,6-3 7-5,0.66,14.3%,4.8%,66.7%,78.6%,38.1%,Giovanni Mpetshi Perricard,44.4%,23.0%,8.2%,17.6%,29.6%,0/0,1:20
15‑Apr‑2024,Hard,F,Adam Walton,6-3 6-3,1.89,8.7%,2.2%,69.6%,81.3%,71.4%,Giovanni Mpetshi Perricard,57.8%,41.1%,0.0%,40.9%,41.7%,3/5,1:08
15‑Apr‑2024,Hard,SF,Zachary Svajda,6-2 6-0,2.01,15.9%,2.3%,56.8%,80.0%,57.9%,Giovanni Mpetshi Perricard,65.1%,59.5%,7.1%,50.0%,78.6%,5/7,0:52
15‑Apr‑2024,Hard,QF,Rodrigo Pacheco Mendez,6-1 6-4,1.43,12.5%,1.8%,58.9%,66.7%,73.9%,Giovanni Mpetshi Perricard,56.9%,43.4%,3.8%,46.5%,30.0%,3/9,1:11
15‑Apr‑2024,Hard,R16,Gijs Brouwer,7-5 7-5,0.98,12.2%,1.4%,66.2%,75.5%,60.0%,Giovanni Mpetshi Perricard,51.5%,29.0%,14.5%,25.0%,38.9%,2/3,1:22
15‑Apr‑2024,Hard,R32,Omar Jasika,3-6 6-3 6-3,1.52,22.4%,4.5%,67.2%,80.0%,54.5%,Giovanni Mpetshi Perricard,55.5%,43.2%,1.1%,37.0%,52.9%,4/10,1:48
8‑Apr‑2024,Hard,F,Nicolas Mejia,7-5 7-5,1.27,26.9%,7.5%,64.2%,86.0%,50.0%,Giovanni Mpetshi Perricard,51.7%,34.1%,7.3%,34.5%,33.3%,2/6,1:58
8‑Apr‑2024,Hard,SF,Adam Walton,7-6(6) 5-7 7-5,1.38,30.1%,1.0%,62.1%,89.1%,56.4%,Giovanni Mpetshi Perricard,52.7%,32.2%,3.3%,24.6%,42.3%,1/4,2:27
8‑Apr‑2024,Hard,QF,Maxime Janvier,6-3 7-6(4),2.27,45.6%,5.3%,70.2%,100.0%,58.8%,Giovanni Mpetshi Perricard,56.8%,27.9%,4.9%,14.3%,46.2%,1/2,1:16
8‑Apr‑2024,Hard,R16,Aidan Mayo,7-6(6) 6-4,1.26,20.5%,12.8%,65.4%,86.3%,44.4%,Giovanni Mpetshi Perricard,53.5%,35.4%,10.1%,23.7%,46.3%,2/9,1:35
8‑Apr‑2024,Hard,R32,Ernesto Escobedo,7-6(5) 7-6(3),0.72,35.5%,2.6%,61.8%,89.4%,62.1%,Giovanni Mpetshi Perricard,49.3%,15.2%,6.1%,7.5%,26.9%,0/0,1:33
1‑Apr‑2024,Clay,R16,Maxime Janvier,4-6 7-6(7) 6-3,0.97,25.0%,14.1%,56.5%,84.6%,52.5%,Giovanni Mpetshi Perricard,48.5%,28.4%,10.8%,18.4%,37.7%,1/4,2:09
1‑Apr‑2024,Clay,R32,Matias Soto,4-6 7-6(6) 6-4,1.28,28.0%,9.7%,65.6%,86.9%,50.0%,Giovanni Mpetshi Perricard,52.3%,33.0%,5.7%,23.5%,50.0%,2/6,2:06
25‑Mar‑2024,Clay,SF,Matias Soto,7-6(9) 6-3,0.69,23.3%,9.6%,47.9%,74.3%,55.3%,Giovanni Mpetshi Perricard,44.5%,24.7%,13.7%,19.1%,34.6%,0/2,1:44
25‑Mar‑2024,Clay,QF,Alexis Galarneau,6-4 6-7(4) 7-5,1.02,24.0%,12.0%,54.4%,80.9%,54.4%,Giovanni Mpetshi Perricard,51.7%,31.8%,10.3%,22.0%,40.4%,2/8,2:43
25‑Mar‑2024,Clay,R16,Roberto Cid,6-4 6-4,1.88,27.5%,7.8%,60.8%,96.8%,55.0%,Giovanni Mpetshi Perricard,56.0%,36.9%,1.5%,32.6%,45.5%,2/4,1:14
25‑Mar‑2024,Clay,R32,Andres Andrade,6-7(4) 7-6(4) 6-3,1.25,22.5%,9.9%,51.4%,84.2%,64.8%,Giovanni Mpetshi Perricard,52.9%,31.6%,5.3%,23.1%,38.7%,1/8,2:46
4‑Mar‑2024,Hard,R32,Daniel Masur,6-4 6-4,0.62,22.2%,5.6%,55.6%,76.7%,58.3%,Giovanni Mpetshi Perricard,44.8%,19.6%,5.9%,13.6%,24.1%,0/0,1:09
26‑Feb‑2024,Hard,QF,Pierre Hugues Herbert,7-6(3) 7-6(4),0.73,23.3%,5.8%,62.8%,74.1%,59.4%,Giovanni Mpetshi Perricard,46.7%,22.8%,10.1%,18.3%,36.8%,0/2,1:48
26‑Feb‑2024,Hard,R16,Sho Shimabukuro,6-4 7-5,1.84,23.6%,5.5%,76.4%,88.1%,53.8%,Giovanni Mpetshi Perricard,54.5%,36.7%,10.1%,32.0%,44.8%,2/7,1:25
26‑Feb‑2024,Hard,R32,Jan Choinski,6-3 1-6 6-1,1.06,20.8%,2.8%,72.2%,65.4%,60.0%,Giovanni Mpetshi Perricard,52.3%,38.3%,8.3%,38.9%,37.5%,4/6,1:23
12‑Feb‑2024,Hard,R32,Benoit Paire,7-5 6-4,0.99,15.8%,5.3%,54.4%,80.6%,57.7%,Giovanni Mpetshi Perricard,47.7%,29.6%,15.5%,17.8%,50.0%,0/3,1:13
5‑Feb‑2024,Hard,F,Matteo Martineau,7-6(2) 6-4,1.58,13.8%,5.2%,69.0%,90.0%,72.2%,Giovanni Mpetshi Perricard,53.8%,24.6%,16.4%,22.9%,30.8%,1/5,1:15
5‑Feb‑2024,Hard,SF,Alexander Blockx,7-6(8) 6-2,1.49,17.5%,1.6%,79.4%,86.0%,53.8%,Giovanni Mpetshi Perricard,54.7%,30.8%,7.7%,34.8%,21.1%,2/5,1:17
5‑Feb‑2024,Hard,QF,Hamish Stewart,7-6(7) 7-6(3),0.89,14.2%,7.5%,63.2%,73.1%,48.7%,Giovanni Mpetshi Perricard,50.8%,32.0%,13.3%,23.6%,55.0%,2/4,1:50
5‑Feb‑2024,Hard,R16,Manuel Guinard,6-3 3-6 7-6(3),0.97,23.3%,2.2%,71.1%,78.1%,57.7%,Giovanni Mpetshi Perricard,50.6%,26.8%,14.6%,17.7%,55.0%,1/2,1:38
5‑Feb‑2024,Hard,R32,Ryan Peniston,6-3 6-2,1.56,20.3%,5.1%,66.1%,82.1%,45.0%,Giovanni Mpetshi Perricard,58.2%,47.6%,4.8%,44.4%,55.6%,3/5,1:21
29‑Jan‑2024,Hard,R32,Alexander Blockx,3-6 6-3 7-6(3),0.88,7.8%,7.8%,55.6%,78.0%,50.0%,Giovanni Mpetshi Perricard,47.8%,30.4%,4.3%,24.6%,40.0%,2/3,1:58
22‑Jan‑2024,Hard,R32,Matteo Martineau,3-6 6-4 7-6(3),0.82,19.8%,3.1%,65.6%,77.8%,60.6%,Giovanni Mpetshi Perricard,49.4%,23.2%,4.9%,15.3%,43.5%,1/1,2:01
15‑Jan‑2024,Hard,Q3,Hugo Grenier,5-7 6-4 7-6(4),1.07,19.4%,4.3%,66.7%,83.9%,64.5%,Giovanni Mpetshi Perricard,50.5%,24.2%,14.7%,14.5%,42.4%,1/1,2:10
15‑Jan‑2024,Hard,Q2,Marc Andrea Huesler,7-6(3) 3-6 7-5,0.66,18.1%,3.8%,64.8%,76.5%,59.5%,Giovanni Mpetshi Perricard,47.4%,19.5%,17.2%,19.6%,19.4%,1/2,2:14
15‑Jan‑2024,Hard,Q1,Tomas Barrios Vera,6-3 7-6(8),1.24,37.7%,4.3%,81.2%,78.6%,61.5%,Giovanni Mpetshi Perricard,52.5%,30.6%,4.2%,30.2%,31.6%,1/3,1:34
1‑Jan‑2024,Hard,R16,Richard Gasquet,6-2 7-6(3),0.77,16.9%,1.5%,67.7%,68.2%,52.4%,Giovanni Mpetshi Perricard,45.5%,28.4%,4.5%,25.0%,36.8%,0/1,1:29
1‑Jan‑2024,Hard,R32,Dimitar Kuzmanov,7-6(4) 3-6 7-6(3),0.97,16.0%,4.7%,65.1%,82.6%,54.1%,Giovanni Mpetshi Perricard,49.5%,26.4%,6.6%,22.5%,38.5%,0/2,2:31
30‑Oct‑2023,Hard,Q1,Yosuke Watanuki,6-4 6-7(8) 6-3,0.69,20.6%,1.9%,67.3%,75.0%,54.3%,Giovanni Mpetshi Perricard,47.0%,22.0%,18.7%,8.2%,38.1%,0/0,2:00
23‑Oct‑2023,Hard,R32,Calvin Hemery,6-7(2) 7-6(5) 6-4,0.78,20.9%,3.6%,74.5%,79.3%,57.1%,Giovanni Mpetshi Perricard,48.8%,20.6%,15.5%,15.9%,32.1%,0/0,2:05
16‑Oct‑2023,Hard,QF,Alexander Bublik,6-4 4-6 6-2,0.82,25.4%,4.2%,73.2%,71.2%,52.6%,Giovanni Mpetshi Perricard,46.9%,27.8%,11.1%,9.3%,55.2%,2/3,1:27
16‑Oct‑2023,Hard,R16,David Goffin,7-5 6-3,1.96,20.8%,3.8%,71.7%,86.8%,73.3%,Giovanni Mpetshi Perricard,57.3%,33.3%,10.5%,26.5%,43.5%,2/5,1:11
16‑Oct‑2023,Hard,R32,Roberto Carballes Baena,0-6 6-3 7-6(4),0.61,12.9%,5.0%,65.3%,71.2%,45.7%,Giovanni Mpetshi Perricard,46.2%,22.9%,5.7%,22.2%,25.0%,1/3,1:59
16‑Oct‑2023,Hard,Q2,Gauthier Onclin,6-4 6-2,1.41,24.0%,4.0%,70.0%,77.1%,40.0%,Giovanni Mpetshi Perricard,55.1%,48.1%,0.0%,43.1%,57.7%,4/12,1:18
16‑Oct‑2023,Hard,Q1,Antoine Escoffier,6-1 7-6(4),1.22,32.8%,1.6%,85.2%,76.9%,77.8%,Giovanni Mpetshi Perricard,55.0%,28.0%,12.0%,16.7%,45.0%,2/5,1:07
2‑Oct‑2023,Hard,R32,Thai Son Kwiatkowski,7-6(4) 6-3,0.44,13.4%,7.5%,55.2%,81.1%,50.0%,Giovanni Mpetshi Perricard,43.1%,14.3%,17.9%,3.0%,30.4%,0/0,1:20
25‑Sep‑2023,Hard,R32,Garrett Johns,6-4 7-6(4),0.69,15.1%,6.8%,60.3%,75.0%,58.6%,Giovanni Mpetshi Perricard,46.7%,21.9%,10.9%,15.4%,32.0%,0/0,1:35
18‑Sep‑2023,Hard,R32,Adam Walton,7-5 6-4,0.51,13.1%,7.1%,59.5%,80.0%,29.4%,Giovanni Mpetshi Perricard,43.7%,20.7%,13.8%,17.1%,29.4%,0/2,1:35
4‑Sep‑2023,Hard,QF,Jesper De Jong,7-5 6-4,0.76,6.3%,7.6%,64.6%,76.5%,28.6%,Giovanni Mpetshi Perricard,46.5%,30.8%,1.5%,24.4%,41.7%,1/1,1:36
4‑Sep‑2023,Hard,R16,Harold Mayot,6-7(1) 6-3 6-3,1.20,11.2%,3.1%,62.2%,78.7%,59.5%,Giovanni Mpetshi Perricard,53.1%,34.4%,3.1%,27.9%,45.7%,3/10,1:54
4‑Sep‑2023,Hard,R32,Cem Ilkel,7-5 6-4,1.19,10.1%,6.3%,60.8%,79.2%,51.6%,Giovanni Mpetshi Perricard,54.1%,37.7%,7.2%,37.5%,37.9%,2/4,1:39
28‑Aug‑2023,Hard,Q2,Aidan Mayo,7-6(6) 7-6(8),0.85,8.6%,3.8%,63.8%,73.1%,55.3%,Giovanni Mpetshi Perricard,49.5%,28.2%,3.5%,19.6%,38.5%,0/0,2:06
28‑Aug‑2023,Hard,Q1,Thiago Monteiro,6-7(11) 7-6(5) 7-6(8),1.35,20.4%,4.4%,71.7%,93.8%,46.9%,Giovanni Mpetshi Perricard,51.7%,26.4%,6.2%,25.6%,27.9%,0/6,2:59
24‑Jul‑2023,Hard,SF,Illya Marchenko,7-6(0) 6-4,0.50,11.9%,3.6%,66.7%,75.0%,39.3%,Giovanni Mpetshi Perricard,44.4%,18.3%,18.3%,16.3%,23.5%,0/0,1:37
24‑Jul‑2023,Hard,QF,Beibit Zhukayev,7-6(9) 6-7(6) 6-4,1.11,12.6%,5.0%,55.5%,80.3%,52.8%,Giovanni Mpetshi Perricard,51.7%,35.3%,9.2%,24.6%,46.6%,3/6,3:06
24‑Jul‑2023,Hard,R16,Alex Bolt,3-6 6-4 7-6(9),1.05,11.8%,6.4%,56.4%,77.4%,45.8%,Giovanni Mpetshi Perricard,50.0%,38.1%,4.8%,35.4%,43.2%,3/8,2:37
24‑Jul‑2023,Hard,R32,Mateus Alves,6-3 6-4,1.52,18.2%,3.6%,67.3%,89.2%,50.0%,Giovanni Mpetshi Perricard,57.1%,36.0%,10.0%,30.3%,47.1%,2/7,1:18
17‑Jul‑2023,Hard,R32,Dane Sweeny,3-6 6-4 6-4,1.36,13.9%,5.6%,56.9%,80.5%,64.5%,Giovanni Mpetshi Perricard,51.1%,35.8%,1.9%,32.4%,42.9%,2/9,2:00
10‑Jul‑2023,Hard,SF,Yuta Shimizu,7-6(5) 7-6(5),0.97,22.9%,2.4%,56.6%,72.3%,69.4%,Giovanni Mpetshi Perricard,48.8%,28.1%,1.1%,21.6%,36.8%,0/2,1:49
10‑Jul‑2023,Hard,QF,Mark Lajal,7-6(3) 4-6 7-6(6),1.19,20.4%,5.6%,60.2%,87.7%,51.2%,Giovanni Mpetshi Perricard,50.6%,32.1%,3.1%,29.5%,37.2%,0/5,2:56
10‑Jul‑2023,Hard,R16,Adam Walton,7-6(3) 6-4,0.85,25.8%,6.1%,62.1%,82.9%,56.0%,Giovanni Mpetshi Perricard,50.0%,23.2%,16.1%,6.5%,44.0%,1/4,1:27
10‑Jul‑2023,Hard,R32,Tennys Sandgren,6-4 6-4,1.40,10.2%,4.1%,55.1%,74.1%,72.7%,Giovanni Mpetshi Perricard,54.4%,37.0%,7.4%,32.3%,43.5%,3/7,1:20
3‑Jul‑2023,Hard,R16,Mikhail Kukushkin,3-6 6-3 6-2,0.84,17.6%,4.1%,59.5%,70.5%,53.3%,Giovanni Mpetshi Perricard,46.2%,30.5%,9.8%,29.8%,31.4%,1/13,1:57
3‑Jul‑2023,Hard,R32,Nishesh Basavareddy,3-6 6-3 6-3,1.04,11.1%,8.6%,59.3%,79.2%,45.5%,Giovanni Mpetshi Perricard,50.9%,35.9%,9.0%,30.6%,40.5%,4/8,1:56
19‑Jun‑2023,Clay,R16,Tomas Barrios Vera,7-6(2) 6-3,0.82,7.6%,2.5%,60.8%,72.9%,25.8%,Giovanni Mpetshi Perricard,46.4%,37.5%,2.8%,20.0%,66.7%,2/3,1:53
19‑Jun‑2023,Clay,R32,Jakub Mensik,7-6(8) 3-6 7-6(11),0.89,13.0%,4.9%,49.6%,75.4%,41.9%,Giovanni Mpetshi Perricard,47.9%,37.0%,9.2%,25.5%,46.9%,3/7,3:06
12‑Jun‑2023,Grass,R32,Jordan Thompson,6-4 7-6(3),0.81,19.2%,5.5%,61.6%,82.2%,42.9%,Giovanni Mpetshi Perricard,47.5%,26.5%,5.9%,19.0%,38.5%,0/2,1:37
12‑Jun‑2023,Grass,Q2,Edan Leshem,6-7(5) 6-4 6-4,1.14,15.1%,3.8%,54.7%,75.9%,62.5%,Giovanni Mpetshi Perricard,53.3%,34.4%,6.5%,28.8%,41.5%,3/4,2:06
12‑Jun‑2023,Grass,Q1,Andrea Vavassori,6-4 4-6 6-3,0.92,17.5%,6.2%,70.1%,75.0%,37.9%,Giovanni Mpetshi Perricard,50.0%,33.3%,6.2%,25.0%,43.2%,3/9,1:53
5‑Jun‑2023,Clay,R32,Zsombor Piros,7-5 6-4,0.84,13.2%,2.9%,67.6%,69.6%,40.9%,Giovanni Mpetshi Perricard,46.2%,33.3%,5.3%,22.2%,43.6%,1/7,1:26
5‑Jun‑2023,Clay,Q2,Manuel Guinard,7-5 6-2,2.11,8.0%,2.0%,74.0%,83.8%,69.2%,Giovanni Mpetshi Perricard,58.8%,42.2%,0.0%,41.9%,42.9%,3/8,1:17
5‑Jun‑2023,Clay,Q1,Peter Benjamin Privara,6-7(6) 7-6(2) 7-6(7),1.04,15.6%,4.4%,63.0%,77.6%,50.0%,Giovanni Mpetshi Perricard,50.7%,33.8%,10.5%,16.9%,47.3%,2/7,3:22
29‑May‑2023,Clay,R128,Genaro Alberto Olivieri,7-6(3) 4-6 4-6 7-5 6-1,0.93,7.5%,8.1%,55.3%,75.3%,50.0%,Giovanni Mpetshi Perricard,47.9%,33.3%,0.6%,28.7%,45.8%,3/12,3:51
15‑May‑2023,Clay,Q1,Hady Habib,6-7(5) 7-6(4) 6-4,1.14,15.9%,4.7%,72.0%,75.3%,63.3%,Giovanni Mpetshi Perricard,50.2%,32.0%,9.4%,29.3%,35.8%,0/8,2:19
8‑May‑2023,Clay,R32,Filip Misolic,4-6 6-3 6-2,0.83,14.9%,4.1%,55.4%,68.3%,48.5%,Giovanni Mpetshi Perricard,45.9%,33.7%,12.0%,26.8%,40.5%,2/5,1:51
17‑Apr‑2023,Clay,R32,Genaro Alberto Olivieri,7-5 7-5,0.80,10.5%,5.3%,55.3%,76.2%,38.2%,Giovanni Mpetshi Perricard,45.8%,32.5%,1.3%,21.7%,48.4%,1/4,1:43
10‑Apr‑2023,Hard,F,Juan Pablo Ficovich,6-7(5) 7-6(6) 7-6(3),1.09,18.3%,4.3%,58.3%,86.6%,64.6%,Giovanni Mpetshi Perricard,50.6%,24.6%,5.1%,19.7%,33.3%,0/1,2:36
10‑Apr‑2023,Hard,SF,Maximilian Neuchrist,7-6(5) 7-6(4),1.04,14.3%,2.4%,57.1%,81.3%,66.7%,Giovanni Mpetshi Perricard,51.6%,26.0%,1.3%,25.4%,27.8%,0/0,1:42
10‑Apr‑2023,Hard,QF,Antoine Bellier,6-1 3-6 6-3,1.29,10.0%,8.6%,65.7%,80.4%,50.0%,Giovanni Mpetshi Perricard,53.8%,38.7%,6.7%,20.0%,66.7%,3/7,1:26
10‑Apr‑2023,Hard,R16,Thiago Agustin Tirante,4-6 7-6(2) 6-4,1.32,17.4%,7.6%,59.8%,89.1%,62.2%,Giovanni Mpetshi Perricard,53.2%,28.7%,8.5%,24.3%,45.0%,1/1,1:58
10‑Apr‑2023,Hard,R32,Nick Chappell,6-1 4-6 6-2,1.94,11.3%,6.5%,61.3%,84.2%,66.7%,Giovanni Mpetshi Perricard,58.3%,43.9%,2.4%,39.3%,53.8%,5/12,1:29
10‑Apr‑2023,Hard,Q2,Jose Rubin Statham,6-3 7-6(2),2.23,16.1%,1.8%,51.8%,89.7%,81.5%,Giovanni Mpetshi Perricard,56.6%,31.8%,0.0%,25.0%,45.5%,1/2,1:21
10‑Apr‑2023,Hard,Q1,Colin Sinclair,6-7(5) 6-3 6-1,1.59,18.5%,7.4%,69.1%,87.5%,52.0%,Giovanni Mpetshi Perricard,55.4%,37.2%,3.2%,31.3%,50.0%,4/7,1:41
3‑Apr‑2023,Clay,QF,Tomas Barrios Vera,6-4 4-6 6-4,0.92,16.0%,9.0%,57.0%,86.0%,39.5%,Giovanni Mpetshi Perricard,50.0%,31.4%,7.0%,24.1%,43.8%,1/1,2:05
3‑Apr‑2023,Clay,R16,Murkel Alejandro Dellien Velasco,7-6(4) 6-3,1.44,41.7%,6.7%,68.3%,90.2%,63.2%,Giovanni Mpetshi Perricard,54.7%,26.3%,3.5%,19.5%,43.8%,1/1,1:18
3‑Apr‑2023,Clay,R32,Juan Pablo Ficovich,7-6(4) 6-3,1.34,17.5%,4.8%,61.9%,89.7%,58.3%,Giovanni Mpetshi Perricard,53.1%,29.9%,4.5%,20.0%,50.0%,1/3,1:19
3‑Apr‑2023,Clay,Q2,Jorge Brian Panta Herreros,6-4 7-5,1.40,29.7%,7.8%,64.1%,95.1%,34.8%,Giovanni Mpetshi Perricard,54.5%,37.1%,7.1%,15.9%,73.1%,2/5,1:26
27‑Mar‑2023,Clay,Q2,Federico Gaio,6-4 7-6(2),0.80,13.8%,9.2%,52.3%,79.4%,54.8%,Giovanni Mpetshi Perricard,45.9%,25.7%,10.0%,14.3%,37.1%,0/1,1:29
27‑Mar‑2023,Clay,Q1,Colin Sinclair,7-6(5) 7-5,1.14,16.7%,9.7%,45.8%,93.9%,59.0%,Giovanni Mpetshi Perricard,51.0%,28.6%,5.2%,21.2%,44.0%,1/4,1:29
13‑Mar‑2023,Clay,Q2,Mirza Basic,6-4 3-6 6-3,0.88,12.8%,7.7%,64.1%,78.0%,50.0%,Giovanni Mpetshi Perricard,47.2%,28.2%,9.4%,18.8%,40.5%,1/4,1:45
13‑Mar‑2023,Clay,Q1,Bogdan Bobrov,7-6(5) 6-4,1.36,6.1%,3.0%,51.5%,88.2%,68.8%,Giovanni Mpetshi Perricard,52.5%,28.8%,5.5%,19.0%,41.9%,1/4,1:29
27‑Feb‑2023,Hard,Q1,Niki Kaliyanda Poonacha,6-7(5) 6-4 6-4,0.83,10.6%,4.3%,61.7%,74.1%,63.9%,Giovanni Mpetshi Perricard,47.6%,24.7%,5.4%,22.6%,29.0%,0/4,2:00
20‑Feb‑2023,Hard,R16,James Duckworth,6-1 6-2,0.58,19.6%,4.3%,50.0%,65.2%,30.4%,Giovanni Mpetshi Perricard,38.2%,30.4%,19.6%,29.0%,32.0%,0/6,1:01
20‑Feb‑2023,Hard,R32,Yasutaka Uchiyama,6-7(4) 6-4 6-4,1.17,10.9%,8.9%,61.4%,87.1%,41.0%,Giovanni Mpetshi Perricard,50.9%,35.8%,5.7%,30.7%,43.8%,2/14,2:40
20‑Feb‑2023,Hard,Q2,Yasutaka Uchiyama,7-5 6-1,2.97,30.4%,2.2%,69.6%,93.8%,71.4%,Giovanni Mpetshi Perricard,62.1%,38.8%,6.1%,31.4%,57.1%,3/8,1:04
20‑Feb‑2023,Hard,Q1,Dominik Palan,6-3 5-7 6-4,1.11,12.0%,5.4%,51.1%,80.9%,60.0%,Giovanni Mpetshi Perricard,52.2%,32.6%,4.7%,26.0%,41.7%,2/3,2:05
13‑Feb‑2023,Hard,Q1,Ji Sung Nam,6-4 6-4,0.74,6.8%,3.4%,47.5%,67.9%,61.3%,Giovanni Mpetshi Perricard,45.7%,26.3%,12.3%,21.4%,40.0%,0/2,1:19
23‑Jan‑2023,Hard,R32,Otto Virtanen,6-4 6-2,0.72,15.9%,6.8%,54.5%,83.3%,45.0%,Giovanni Mpetshi Perricard,44.1%,24.5%,10.2%,20.0%,31.6%,0/1,0:49
23‑Jan‑2023,Hard,Q2,Ulises Blanch,6-3 6-4,1.53,19.2%,1.9%,67.3%,80.0%,58.8%,Giovanni Mpetshi Perricard,56.5%,41.1%,1.8%,25.7%,66.7%,3/8,1:05
16‑Jan‑2023,Hard,Q2,Ulises Blanch,6-4 6-4,0.58,6.1%,1.5%,60.6%,60.0%,65.4%,Giovanni Mpetshi Perricard,43.8%,21.8%,9.1%,11.8%,38.1%,0/1,1:17
16‑Jan‑2023,Hard,Q1,Bu Yunchaokete,6-1 6-4,1.49,8.1%,3.2%,62.9%,71.8%,69.6%,Giovanni Mpetshi Perricard,58.3%,43.4%,7.5%,37.0%,50.0%,3/5,1:24
14‑Nov‑2022,Hard,R32,Leandro Riedi,6-1 6-4,0.90,8.9%,8.9%,62.2%,67.9%,52.9%,Giovanni Mpetshi Perricard,45.1%,33.8%,7.4%,26.2%,46.2%,0/1,1:04
14‑Nov‑2022,Hard,Q2,Raphael Collignon,6-4 7-6(5),1.08,14.5%,0.0%,65.2%,75.6%,66.7%,Giovanni Mpetshi Perricard,51.5%,29.9%,4.5%,31.1%,27.3%,1/1,1:28
14‑Nov‑2022,Hard,Q1,Arthur Fils,6-3 6-3,1.37,17.0%,7.5%,60.4%,81.3%,52.4%,Giovanni Mpetshi Perricard,54.3%,41.3%,12.7%,34.1%,54.5%,3/7,1:10
6‑Nov‑2022,Hard,R32,Fernando Verdasco,6-4 6-4,0.68,16.9%,5.1%,66.1%,74.4%,50.0%,Giovanni Mpetshi Perricard,45.2%,23.2%,3.6%,17.9%,35.3%,0/1,1:12
24‑Oct‑2022,Clay,QF,Federico Coria,7-6(4) 7-6(5),0.69,11.1%,5.1%,65.7%,72.3%,32.4%,Giovanni Mpetshi Perricard,45.5%,28.6%,1.3%,23.8%,50.0%,2/4,1:57
24‑Oct‑2022,Clay,R16,Camilo Ugo Carabelli,7-5 7-5,0.94,9.9%,1.2%,69.1%,73.2%,56.0%,Giovanni Mpetshi Perricard,51.4%,30.2%,1.6%,25.0%,42.1%,2/3,1:39
24‑Oct‑2022,Clay,R32,Renzo Olivo,4-6 6-3 6-2,1.45,2.7%,2.7%,64.4%,76.6%,69.2%,Giovanni Mpetshi Perricard,54.8%,37.8%,1.2%,34.3%,53.3%,3/7,1:47
24‑Oct‑2022,Clay,Q2,Mariano Navone,1-6 6-2 6-3,1.09,4.5%,4.5%,61.2%,75.6%,38.5%,Giovanni Mpetshi Perricard,50.3%,42.2%,2.2%,30.5%,64.5%,4/15,1:55
17‑Oct‑2022,Clay,R16,Juan Pablo Varillas,7-6(6) 7-6(4),0.65,19.7%,6.6%,56.6%,88.4%,63.6%,Giovanni Mpetshi Perricard,47.6%,14.5%,14.5%,6.7%,29.2%,0/0,1:40
17‑Oct‑2022,Clay,R32,Jan Choinski,6-3 7-6(6),0.95,18.6%,1.4%,68.6%,79.2%,59.1%,Giovanni Mpetshi Perricard,51.6%,25.9%,3.4%,27.7%,18.2%,1/1,1:14
10‑Oct‑2022,Clay,R16,Matheus Pucinelli De Almeida,6-3 6-3,0.63,10.0%,5.0%,68.3%,56.1%,47.4%,Giovanni Mpetshi Perricard,42.3%,29.4%,2.0%,30.0%,28.6%,1/3,1:20
10‑Oct‑2022,Clay,R32,Felipe Meligeni Alves,6-7(3) 7-6(5) 7-6(5),0.86,20.0%,4.8%,57.6%,77.8%,56.6%,Giovanni Mpetshi Perricard,48.9%,26.8%,2.7%,24.4%,33.3%,2/3,2:36
10‑Oct‑2022,Clay,Q2,Marcelo Zormann Da Silva,6-4 6-4,1.18,10.9%,3.6%,58.2%,81.3%,60.9%,Giovanni Mpetshi Perricard,52.3%,32.1%,1.8%,26.8%,46.7%,2/2,1:18
10‑Oct‑2022,Clay,Q1,Piotr Matuszewski,6-3 6-0,3.45,13.2%,2.6%,52.6%,90.0%,77.8%,Giovanni Mpetshi Perricard,68.3%,54.5%,0.0%,41.7%,70.0%,4/4,0:47
3‑Oct‑2022,Clay,Q1,Orlando Luz,6-4 4-6 6-4,0.91,13.5%,9.0%,55.1%,79.6%,50.0%,Giovanni Mpetshi Perricard,48.6%,30.7%,2.3%,24.2%,46.2%,2/4,1:49
22‑Aug‑2022,Clay,Q1,Vlad Victor Cornea,6-7(3) 4-0 RET,0.84,6.7%,5.0%,55.0%,81.8%,37.0%,Giovanni Mpetshi Perricard,46.7%,32.3%,8.1%,23.5%,42.9%,0/2,1:20
8‑Aug‑2022,Clay,Q1,Thiago Seyboth Wild,6-4 6-1,0.57,3.5%,3.5%,57.9%,63.6%,37.5%,Giovanni Mpetshi Perricard,41.0%,27.1%,8.3%,27.3%,26.7%,0/2,1:19
1‑Aug‑2022,Clay,SF,Jiri Lehecka,6-4 6-7(5) 7-6(5),0.99,8.5%,9.3%,61.9%,78.1%,55.6%,Giovanni Mpetshi Perricard,49.6%,30.3%,3.3%,26.7%,36.2%,0/3,2:28
1‑Aug‑2022,Clay,QF,Norbert Gombos,6-3 2-6 7-6(3),0.87,16.4%,9.5%,46.6%,81.5%,48.4%,Giovanni Mpetshi Perricard,50.0%,31.4%,5.8%,14.0%,48.8%,1/3,2:11
1‑Aug‑2022,Clay,R16,Vitaliy Sachko,7-5 6-3,1.80,21.8%,1.8%,63.6%,88.6%,65.0%,Giovanni Mpetshi Perricard,56.9%,36.1%,3.3%,31.4%,42.3%,2/2,1:15
1‑Aug‑2022,Clay,R32,Lukas Klein,7-6(5) 7-6(4),1.00,14.1%,3.5%,60.0%,80.4%,47.1%,Giovanni Mpetshi Perricard,50.3%,32.9%,3.7%,22.9%,47.1%,1/4,1:46
1‑Aug‑2022,Clay,Q2,Vitaliy Sachko,6-1 6-4,1.43,10.5%,5.3%,59.6%,76.5%,47.8%,Giovanni Mpetshi Perricard,57.1%,50.0%,0.0%,36.4%,65.5%,4/9,1:20
1‑Aug‑2022,Clay,Q1,Elmar Ejupovic,3-6 6-4 7-6(4),0.99,6.8%,2.9%,64.1%,69.7%,67.6%,Giovanni Mpetshi Perricard,50.8%,30.9%,5.3%,31.5%,30.0%,2/7,2:24
6‑Jun‑2022,Clay,Q1,Ivan Gakhov,6-4 7-6(4),1.10,14.8%,0.0%,62.3%,76.3%,73.9%,Giovanni Mpetshi Perricard,48.9%,27.0%,8.1%,16.3%,48.0%,0/6,1:24
30‑May‑2022,Clay,Q2,Alexander Erler,7-5 6-2,0.66,1.7%,3.4%,52.5%,67.7%,50.0%,Giovanni Mpetshi Perricard,43.5%,26.8%,1.8%,24.2%,30.4%,0/0,1:21
30‑May‑2022,Clay,Q1,Filip Cristian Jianu,6-3 6-4,1.33,16.9%,6.8%,49.2%,89.7%,46.7%,Giovanni Mpetshi Perricard,55.7%,42.9%,1.8%,44.1%,40.9%,3/6,1:20
9‑May‑2022,Clay,Q1,Salvatore Caruso,6-7(1) 7-6(6) 6-2,0.81,19.2%,5.8%,65.8%,75.9%,39.0%,Giovanni Mpetshi Perricard,47.2%,29.7%,2.7%,28.9%,33.3%,1/5,2:31
21‑Mar‑2022,Hard,Q1,Mats Rosenkranz,7-5 6-2,0.61,1.6%,3.3%,75.4%,60.9%,40.0%,Giovanni Mpetshi Perricard,41.7%,27.1%,23.7%,16.2%,45.5%,1/5,1:12
8‑Nov‑2021,Hard,R16,Radu Albot,6-4 6-4,0.68,11.0%,2.7%,61.6%,73.3%,46.4%,Giovanni Mpetshi Perricard,45.9%,25.0%,1.7%,15.9%,50.0%,0/5,1:19
8‑Nov‑2021,Hard,R32,Steven Diez,7-6(3) 4-6 6-3,1.10,14.3%,4.1%,58.2%,73.7%,34.1%,Giovanni Mpetshi Perricard,51.5%,47.3%,3.1%,39.4%,55.6%,6/15,2:35
27‑Sep‑2021,Hard,Q1,Brayden Schnur,6-4 6-2,0.64,12.7%,1.6%,63.5%,65.0%,39.1%,Giovanni Mpetshi Perricard,43.8%,28.6%,16.3%,14.3%,47.6%,1/1,1:07
6‑Sep‑2021,Hard,R32,Thanasi Kokkinakis,6-2 6-4,0.62,24.5%,1.9%,71.7%,71.1%,26.7%,Giovanni Mpetshi Perricard,42.1%,25.9%,22.2%,18.4%,43.8%,0/3,1:07
6‑Sep‑2021,Hard,Q2,Arthur Reymond,7-6(3) 7-6(4),1.14,12.8%,2.6%,52.6%,82.9%,54.1%,Giovanni Mpetshi Perricard,51.9%,35.0%,6.3%,27.7%,45.5%,2/7,1:37
31‑May‑2021,Clay,Q1,Maximilian Marterer,2-6 6-3 6-4,0.81,10.7%,4.0%,62.7%,76.6%,50.0%,Giovanni Mpetshi Perricard,47.6%,27.1%,0.0%,22.0%,40.0%,2/2,1:27
28‑Sep‑2020,Clay,Q1,Go Soeda,6-4 0-6 7-6(2),1.07,11.2%,1.0%,61.2%,71.7%,47.4%,Giovanni Mpetshi Perricard,52.2%,40.2%,1.2%,32.7%,51.5%,5/5,2:05
7‑Sep‑2020,Clay,Q2,Renzo Olivo,6-4 6-4,0.98,3.4%,8.6%,51.7%,70.0%,42.9%,Giovanni Mpetshi Perricard,48.8%,42.0%,1.4%,31.8%,60.0%,2/11,1:21
7‑Sep‑2020,Clay,Q1,Joao Menezes,6-7(3) 6-1 7-6(4),1.10,4.6%,4.6%,55.6%,65.0%,68.8%,Giovanni Mpetshi Perricard,52.2%,36.6%,3.0%,32.2%,42.9%,4/10,2:25
