Date,Surface,Rd,Opponent,Score,DR,A%,DF%,1stIn,1st%,2nd%,Player,Ret_TPW,Ret_RPW,Ret_vA%,Ret_v1st%,Ret_v2nd%,Ret_BPCnv,Ret_Time
13‑May‑2025,Clay,R32,Federico Cina,7-6(3) 6-4,1.11,2.7%,2.7%,51.4%,71.1%,47.2%,Juan Manuel Cerundolo,51.9%,45.1%,0.0%,44.0%,46.9%,4/12,1:55
7‑May‑2025,Clay,Q2,Chun Hsin Tseng,6-1 6-4,0.64,1.9%,1.9%,53.8%,60.7%,37.5%,Juan Manuel Cerundolo,41.2%,32.0%,2.0%,24.1%,42.9%,1/1,1:18
7‑May‑2025,Clay,Q1,Pierre Hugues Herbert,6-3 7-6(6),1.27,0.0%,0.0%,58.6%,73.2%,65.5%,Juan Manuel Cerundolo,53.0%,38.0%,2.5%,17.1%,60.5%,2/6,2:01
23‑Apr‑2025,Clay,R32,Daniil Medvedev,6-2 6-2,0.51,4.8%,2.4%,54.8%,47.8%,47.4%,Juan Manuel Cerundolo,36.8%,26.7%,4.4%,24.1%,31.3%,0/1,1:03
23‑Apr‑2025,Clay,R64,Felix Auger Aliassime,7-6(5) 6-4,0.99,6.5%,0.0%,74.0%,78.9%,55.0%,Juan Manuel Cerundolo,51.4%,26.9%,11.9%,26.0%,29.4%,1/6,1:53
23‑Apr‑2025,Clay,R128,Aleksandar Kovacevic,3-6 7-5 6-2,1.00,8.6%,5.7%,64.8%,73.5%,48.6%,Juan Manuel Cerundolo,51.3%,35.2%,3.4%,25.0%,47.5%,3/8,2:26
23‑Apr‑2025,Clay,Q2,Botic Van De Zandschulp,7-6(3) 5-7 7-6(5),1.03,5.2%,4.3%,62.6%,65.3%,55.8%,Juan Manuel Cerundolo,50.2%,39.3%,7.4%,27.4%,65.8%,4/11,3:16
23‑Apr‑2025,Clay,Q1,Thiago Seyboth Wild,6-4 6-4,1.07,10.0%,0.0%,70.0%,71.4%,72.2%,Juan Manuel Cerundolo,52.2%,30.2%,7.5%,28.9%,33.3%,2/3,1:30
14‑Apr‑2025,Clay,R32,Valentin Royer,0-6 7-6(5) 6-2,1.13,9.6%,6.0%,43.4%,61.1%,53.2%,Juan Manuel Cerundolo,52.5%,48.9%,5.3%,37.9%,66.7%,6/12,2:32
14‑Apr‑2025,Clay,Q2,Max Houkes,6-2 6-2,1.56,5.6%,5.6%,57.4%,77.4%,56.5%,Juan Manuel Cerundolo,58.7%,49.1%,1.8%,46.7%,52.0%,4/7,2:38
14‑Apr‑2025,Clay,Q1,Joao Graa,6-3 6-1,1.51,3.8%,7.7%,44.2%,73.9%,55.2%,Juan Manuel Cerundolo,59.4%,55.1%,2.0%,54.5%,56.3%,5/6,1:07
7‑Apr‑2025,Clay,R16,Federico Arnaboldi,6-2 6-4,0.76,1.4%,2.8%,64.8%,47.8%,36.0%,Juan Manuel Cerundolo,43.2%,42.6%,4.9%,25.7%,65.4%,3/5,1:41
7‑Apr‑2025,Clay,R32,Murkel Alejandro Dellien Velasco,7-5 6-1,1.43,6.2%,3.1%,63.1%,75.6%,37.5%,Juan Manuel Cerundolo,58.1%,54.9%,1.4%,57.6%,52.6%,6/14,1:49
31‑Mar‑2025,Clay,R32,Hugo Gaston,5-7 6-3 6-4,0.91,5.6%,3.7%,55.6%,56.7%,50.0%,Juan Manuel Cerundolo,48.3%,42.1%,5.3%,30.6%,54.3%,5/8,2:18
31‑Mar‑2025,Clay,Q2,Titouan Droguet,6-2 3-6 6-1,1.36,0.0%,4.6%,55.4%,63.9%,65.5%,Juan Manuel Cerundolo,55.6%,48.1%,1.3%,43.1%,57.1%,6/11,1:53
31‑Mar‑2025,Clay,Q1,Karim Bennani,6-0 6-2,2.26,25.0%,5.0%,50.0%,90.0%,60.0%,Juan Manuel Cerundolo,65.1%,56.5%,0.0%,53.3%,62.5%,5/7,1:02
24‑Mar‑2025,Clay,R32,Sebastian Ofner,7-6(4) 6-4,1.02,1.6%,0.0%,59.4%,55.3%,61.5%,Juan Manuel Cerundolo,48.8%,42.9%,3.1%,32.7%,53.1%,3/12,1:55
3‑Mar‑2025,Clay,SF,Thiago Agustin Tirante,6-4 4-3 RET,0.79,7.7%,4.6%,67.7%,63.6%,47.6%,Juan Manuel Cerundolo,47.0%,32.7%,3.8%,25.0%,58.3%,0/3,1:23
3‑Mar‑2025,Clay,QF,Juan Pablo Varillas,6-4 6-2,1.32,10.0%,2.0%,54.0%,66.7%,52.2%,Juan Manuel Cerundolo,55.9%,52.9%,1.5%,51.1%,56.5%,6/11,1:33
3‑Mar‑2025,Clay,R16,Murkel Alejandro Dellien Velasco,6-4 6-3,1.20,6.0%,12.0%,50.0%,60.0%,52.0%,Juan Manuel Cerundolo,54.2%,52.6%,3.5%,38.9%,76.2%,6/7,1:25
3‑Mar‑2025,Clay,R32,Alvaro Guillen Meza,4-6 7-5 6-2,1.28,3.4%,4.6%,56.3%,71.4%,55.3%,Juan Manuel Cerundolo,53.8%,45.5%,1.8%,39.2%,58.3%,5/15,2:49
24‑Feb‑2025,Clay,R32,Thiago Monteiro,6-3 3-6 7-6(2),1.06,10.2%,6.1%,51.0%,76.0%,45.8%,Juan Manuel Cerundolo,51.0%,41.0%,3.0%,33.3%,54.1%,4/10,2:51
24‑Feb‑2025,Clay,Q2,Orlando Luz,6-3 6-2,2.04,12.2%,6.1%,53.1%,84.6%,69.6%,Juan Manuel Cerundolo,60.0%,45.9%,1.6%,30.0%,61.3%,3/8,1:18
24‑Feb‑2025,Clay,Q1,Matias Soto,6-3 6-2,1.50,18.0%,10.0%,54.0%,85.2%,43.5%,Juan Manuel Cerundolo,58.1%,50.9%,1.8%,48.3%,53.8%,5/8,1:20
17‑Feb‑2025,Clay,R32,Nicolas Jarry,4-6 6-3 6-4,0.86,4.0%,7.0%,64.0%,68.8%,50.0%,Juan Manuel Cerundolo,47.9%,32.6%,13.0%,27.1%,42.4%,2/5,2:25
17‑Feb‑2025,Clay,Q2,Jaime Faria,5-7 6-4 6-4,1.09,6.5%,2.2%,64.1%,71.2%,54.5%,Juan Manuel Cerundolo,51.0%,38.0%,4.0%,29.3%,50.0%,4/7,2:41
17‑Feb‑2025,Clay,Q1,Thiago Agustin Tirante,6-1 6-4,1.68,9.3%,3.7%,66.7%,86.1%,44.4%,Juan Manuel Cerundolo,58.6%,46.8%,4.8%,36.4%,58.6%,3/7,1:27
10‑Feb‑2025,Clay,R16,Francisco Cerundolo,6-2 6-3,0.53,1.8%,5.5%,56.4%,54.8%,45.8%,Juan Manuel Cerundolo,38.5%,25.9%,3.7%,25.7%,26.3%,0/4,1:17
10‑Feb‑2025,Clay,R32,Roman Andres Burruchaga,7-6(4) 5-7 7-5,1.08,0.9%,0.0%,61.1%,65.2%,59.1%,Juan Manuel Cerundolo,51.1%,40.3%,0.0%,34.7%,49.0%,5/15,3:30
10‑Feb‑2025,Clay,Q2,Sumit Nagal,3-6 7-6(5) 1-0 RET,0.91,2.7%,4.1%,73.0%,66.7%,50.0%,Juan Manuel Cerundolo,47.2%,34.5%,1.1%,30.4%,41.9%,2/8,2:22
10‑Feb‑2025,Clay,Q1,Jaime Faria,6-1 7-6(1),1.23,1.7%,5.0%,48.3%,72.4%,54.8%,Juan Manuel Cerundolo,54.9%,45.3%,1.9%,35.5%,59.1%,4/7,1:17
3‑Feb‑2025,Clay,QF,Murkel Alejandro Dellien Velasco,7-6(6) 4-6 7-5,0.99,1.8%,0.9%,61.1%,59.4%,61.4%,Juan Manuel Cerundolo,50.2%,39.4%,1.0%,27.9%,61.1%,5/10,3:04
3‑Feb‑2025,Clay,R16,Federico Coria,7-5 2-6 6-3,0.99,3.1%,1.0%,56.7%,56.4%,64.3%,Juan Manuel Cerundolo,50.6%,39.8%,2.4%,41.9%,33.3%,4/7,2:31
3‑Feb‑2025,Clay,R32,Juan Carlos Prado Angelo,6-4 7-5,1.40,3.3%,5.0%,53.3%,87.5%,60.7%,Juan Manuel Cerundolo,55.0%,35.0%,6.7%,25.8%,44.8%,2/2,1:40
20‑Jan‑2025,Clay,R32,Lautaro Midon,6-2 6-2,0.69,0.0%,1.9%,60.4%,46.9%,42.9%,Juan Manuel Cerundolo,41.5%,37.7%,1.9%,33.3%,47.1%,1/5,1:23
13‑Jan‑2025,Hard,Q1,Yosuke Watanuki,6-3 7-6(3),0.72,1.3%,9.0%,51.3%,72.5%,36.8%,Juan Manuel Cerundolo,45.0%,32.3%,14.5%,22.9%,44.4%,2/3,1:34
30‑Dec‑2024,Hard,Q1,Jie Cui,6-2 6-4,0.85,14.5%,4.8%,48.4%,66.7%,46.9%,Juan Manuel Cerundolo,46.5%,36.9%,6.2%,31.8%,47.6%,1/6,1:40
11‑Nov‑2024,Clay,R32,Tristan Boyer,6-4 6-4,0.84,2.8%,8.5%,45.1%,56.3%,43.6%,Juan Manuel Cerundolo,45.8%,42.5%,4.1%,34.9%,53.3%,3/8,1:44
4‑Nov‑2024,Clay,SF,Vit Kopriva,3-6 6-4 6-2,0.84,2.3%,1.1%,58.6%,60.8%,52.8%,Juan Manuel Cerundolo,47.0%,35.8%,0.0%,28.0%,48.4%,3/8,2:15
4‑Nov‑2024,Clay,QF,Camilo Ugo Carabelli,6-1 6-1,2.03,8.3%,0.0%,63.9%,69.6%,53.8%,Juan Manuel Cerundolo,69.1%,73.3%,2.2%,70.4%,77.8%,7/11,1:02
4‑Nov‑2024,Clay,R16,Oriol Roca Batalla,6-4 6-2,1.28,3.4%,6.8%,72.9%,67.4%,43.8%,Juan Manuel Cerundolo,55.4%,50.0%,4.8%,48.6%,52.0%,5/9,1:37
4‑Nov‑2024,Clay,R32,Ignacio Buse,1-6 6-3 7-5,0.84,3.7%,1.8%,73.4%,58.8%,62.1%,Juan Manuel Cerundolo,49.2%,33.8%,0.0%,24.1%,68.8%,3/4,2:27
28‑Oct‑2024,Clay,R16,Henrique Rocha,7-5 6-7(5) 3-3 RET,0.99,2.8%,6.5%,53.7%,75.9%,34.0%,Juan Manuel Cerundolo,50.0%,43.1%,2.0%,33.3%,55.6%,5/10,3:02
28‑Oct‑2024,Clay,R32,Renzo Olivo,6-2 6-3,2.12,7.3%,2.4%,65.9%,77.8%,71.4%,Juan Manuel Cerundolo,61.6%,51.7%,1.7%,27.6%,75.9%,5/9,1:18
21‑Oct‑2024,Clay,SF,Felipe Meligeni Alves,6-4 6-0,0.75,3.6%,8.9%,44.6%,64.0%,35.5%,Juan Manuel Cerundolo,43.4%,38.6%,1.8%,33.3%,47.6%,1/4,1:25
21‑Oct‑2024,Clay,QF,Alvaro Guillen Meza,6-3 6-4,1.43,6.8%,8.5%,49.2%,89.7%,43.3%,Juan Manuel Cerundolo,55.4%,48.3%,0.0%,36.2%,61.9%,4/13,2:01
21‑Oct‑2024,Clay,R16,Tristan Boyer,6-4 6-4,1.40,7.3%,5.5%,49.1%,77.8%,71.4%,Juan Manuel Cerundolo,54.4%,35.6%,5.1%,27.3%,46.2%,2/4,1:30
21‑Oct‑2024,Clay,R32,Juan Pablo Varillas,6-3 7-5,1.09,7.6%,8.9%,57.0%,68.9%,44.1%,Juan Manuel Cerundolo,52.4%,45.5%,1.5%,51.2%,36.0%,5/8,1:52
7‑Oct‑2024,Clay,SF,Camilo Ugo Carabelli,6-4 6-2,0.82,9.8%,6.6%,57.4%,65.7%,53.8%,Juan Manuel Cerundolo,46.3%,32.3%,0.0%,31.8%,33.3%,0/2,1:35
7‑Oct‑2024,Clay,QF,Matheus Pucinelli De Almeida,7-6(7) 6-2,1.42,8.6%,8.6%,62.1%,77.8%,45.5%,Juan Manuel Cerundolo,55.6%,48.8%,3.6%,44.1%,60.0%,4/15,1:55
7‑Oct‑2024,Clay,R16,Felipe Meligeni Alves,6-3 7-6(4),1.35,6.0%,4.5%,61.2%,82.9%,57.7%,Juan Manuel Cerundolo,54.4%,36.2%,1.4%,26.5%,60.0%,1/5,1:40
7‑Oct‑2024,Clay,R32,Juan Pablo Ficovich,6-2 6-1,2.12,17.1%,7.3%,56.1%,87.0%,55.6%,Juan Manuel Cerundolo,64.7%,56.8%,2.3%,45.5%,68.2%,5/8,1:00
30‑Sep‑2024,Clay,R16,Juan Bautista Torres,6-3 6-4,0.81,1.7%,3.4%,62.1%,61.1%,31.8%,Juan Manuel Cerundolo,45.3%,40.7%,1.7%,26.5%,60.0%,2/4,1:36
30‑Sep‑2024,Clay,R32,Federico Agustin Gomez,6-3 6-2,1.39,3.9%,3.9%,56.9%,75.9%,50.0%,Juan Manuel Cerundolo,56.9%,49.0%,5.9%,44.1%,58.8%,4/8,1:10
23‑Sep‑2024,Clay,F,Adolfo Daniel Vallejo,3-6 6-2 6-4,1.04,1.1%,3.2%,50.5%,60.4%,57.4%,Juan Manuel Cerundolo,51.4%,42.5%,0.0%,42.0%,43.3%,5/9,2:30
23‑Sep‑2024,Clay,SF,Andrea Collarini,6-3 6-2,1.46,4.9%,6.6%,63.9%,79.5%,36.4%,Juan Manuel Cerundolo,58.6%,52.7%,0.0%,43.3%,64.0%,5/7,1:33
23‑Sep‑2024,Clay,QF,Juan Ignacio Londero,6-2 6-4,1.34,3.8%,5.8%,50.0%,73.1%,53.8%,Juan Manuel Cerundolo,56.0%,49.1%,1.8%,43.2%,69.2%,5/9,1:25
23‑Sep‑2024,Clay,R16,Matias Soto,7-6(5) 6-4,1.10,3.8%,2.5%,59.5%,70.2%,43.8%,Juan Manuel Cerundolo,52.3%,44.6%,4.1%,25.6%,65.7%,4/6,2:01
23‑Sep‑2024,Clay,R32,Jose Pereira,6-4 6-4,1.24,6.6%,6.6%,41.0%,80.0%,52.8%,Juan Manuel Cerundolo,54.7%,44.6%,1.8%,38.1%,64.3%,4/5,1:34
16‑Sep‑2024,Clay,R16,Juan Bautista Torres,6-1 6-2,0.42,10.3%,15.4%,43.6%,64.7%,31.8%,Juan Manuel Cerundolo,33.7%,22.7%,0.0%,30.8%,11.1%,0/1,0:58
16‑Sep‑2024,Clay,R32,Samuel Heredia,6-2 7-5,1.30,7.1%,8.6%,42.9%,80.0%,47.5%,Juan Manuel Cerundolo,56.1%,50.0%,0.0%,30.0%,68.8%,5/7,1:33
26‑Aug‑2024,Hard,Q1,Billy Harris,6-3 2-6 7-5,0.85,12.4%,6.7%,54.3%,66.7%,47.9%,Juan Manuel Cerundolo,47.9%,35.6%,6.9%,24.4%,47.6%,3/6,2:18
29‑Jul‑2024,Clay,QF,Alexandre Muller,6-2 6-3,0.64,6.4%,4.3%,55.3%,57.7%,33.3%,Juan Manuel Cerundolo,39.8%,33.9%,3.6%,30.3%,39.1%,1/3,1:21
29‑Jul‑2024,Clay,R16,Marco Cecchinato,6-4 7-6(2),1.50,11.8%,4.4%,50.0%,88.2%,61.8%,Juan Manuel Cerundolo,54.7%,37.5%,1.3%,27.7%,51.5%,1/5,1:56
29‑Jul‑2024,Clay,R32,Gonzalo Bueno,6-2 6-1,1.60,5.4%,0.0%,55.4%,74.2%,60.0%,Juan Manuel Cerundolo,58.7%,51.4%,0.0%,40.9%,69.2%,4/11,1:34
22‑Jul‑2024,Clay,R32,Jerome Kym,6-4 6-0,0.63,0.0%,8.9%,51.1%,52.2%,40.9%,Juan Manuel Cerundolo,40.0%,33.3%,6.7%,22.7%,43.5%,1/5,1:13
15‑Jul‑2024,Clay,R16,Alvaro Guillen Meza,4-6 6-0 6-4,0.83,0.0%,4.2%,63.4%,53.3%,42.3%,Juan Manuel Cerundolo,45.3%,42.2%,1.1%,36.1%,55.2%,4/13,2:12
15‑Jul‑2024,Clay,R32,Alexander Blockx,6-4 6-7(5) 6-3,1.06,6.6%,3.3%,53.8%,77.6%,54.8%,Juan Manuel Cerundolo,51.4%,34.9%,14.0%,22.0%,52.8%,4/7,2:18
8‑Jul‑2024,Clay,R16,Adolfo Daniel Vallejo,6-3 6-3,0.61,5.6%,7.0%,57.7%,46.3%,46.7%,Juan Manuel Cerundolo,40.7%,32.7%,7.7%,23.5%,50.0%,2/5,1:36
8‑Jul‑2024,Clay,R32,Ilya Snitari,6-4 6-3,1.28,9.8%,1.6%,59.0%,75.0%,60.0%,Juan Manuel Cerundolo,55.2%,40.0%,0.0%,28.1%,56.5%,3/8,1:31
17‑Jun‑2024,Clay,F,Alvaro Guillen Meza,3-6 6-1 6-4,1.11,1.4%,2.9%,66.7%,63.0%,39.1%,Juan Manuel Cerundolo,52.5%,50.0%,2.8%,47.6%,53.3%,7/13,1:53
17‑Jun‑2024,Clay,SF,Hady Habib,7-6(4) 6-4,1.14,5.5%,4.1%,63.0%,80.4%,40.7%,Juan Manuel Cerundolo,52.4%,39.2%,9.5%,27.1%,61.5%,3/6,1:39
17‑Jun‑2024,Clay,QF,Pedro Sakamoto,6-4 6-3,1.44,5.4%,1.8%,69.6%,76.9%,70.6%,Juan Manuel Cerundolo,56.6%,36.0%,10.0%,29.4%,50.0%,2/3,1:27
17‑Jun‑2024,Clay,R16,Jose Pereira,6-4 7-5,1.57,8.9%,0.0%,66.1%,75.7%,63.2%,Juan Manuel Cerundolo,56.1%,44.7%,2.6%,37.3%,70.6%,4/14,1:37
17‑Jun‑2024,Clay,R32,Lautaro Midon,1-6 6-1 7-5,1.08,2.3%,4.7%,60.5%,69.2%,44.1%,Juan Manuel Cerundolo,51.4%,43.8%,0.0%,41.4%,48.4%,5/8,2:14
10‑Jun‑2024,Clay,F,Pedro Boscardin Dias,6-4 6-3,1.28,3.1%,3.1%,64.1%,68.3%,47.8%,Juan Manuel Cerundolo,55.1%,50.0%,4.2%,41.8%,76.5%,5/14,1:46
10‑Jun‑2024,Clay,SF,Juan Bautista Torres,7-6(5) 5-7 6-4,0.99,1.8%,1.8%,63.1%,62.9%,34.1%,Juan Manuel Cerundolo,50.0%,47.5%,2.0%,41.5%,58.8%,6/10,3:03
10‑Jun‑2024,Clay,QF,Matheus Pucinelli De Almeida,7-6(3) 4-6 6-3,0.97,1.8%,0.9%,63.3%,66.7%,55.0%,Juan Manuel Cerundolo,50.2%,36.5%,2.1%,30.8%,48.4%,3/14,3:05
10‑Jun‑2024,Clay,R16,Gonzalo Villanueva,6-4 6-1,1.57,8.7%,0.0%,54.3%,72.0%,57.1%,Juan Manuel Cerundolo,58.9%,54.5%,0.0%,46.7%,71.4%,5/11,1:37
10‑Jun‑2024,Clay,R32,Lautaro Midon,6-3 5-7 7-6(3),1.07,0.8%,2.3%,65.1%,54.8%,55.6%,Juan Manuel Cerundolo,51.9%,48.2%,0.9%,43.0%,60.0%,7/16,3:17
13‑May‑2024,Clay,R32,Dalibor Svrcina,4-6 7-6(2) 2-0 RET,0.94,1.2%,2.4%,60.2%,48.0%,51.5%,Juan Manuel Cerundolo,48.4%,47.6%,1.9%,41.0%,68.0%,6/15,2:26
6‑May‑2024,Clay,R16,Francisco Comesana,6-1 6-2,0.55,0.0%,3.1%,67.2%,34.9%,57.1%,Juan Manuel Cerundolo,38.0%,31.8%,9.1%,14.8%,58.8%,2/6,1:24
6‑May‑2024,Clay,R32,Sandro Kopp,6-2 6-3,1.30,1.5%,7.6%,47.0%,71.0%,37.1%,Juan Manuel Cerundolo,56.3%,60.9%,2.2%,46.2%,80.0%,6/8,1:23
29‑Apr‑2024,Clay,R16,Lorenzo Musetti,7-6(4) 7-6(4),0.83,0.0%,3.6%,66.7%,60.7%,50.0%,Juan Manuel Cerundolo,46.4%,35.4%,0.0%,31.3%,41.2%,4/8,2:22
29‑Apr‑2024,Clay,R32,Gabriel Diallo,6-0 7-6(4),1.31,1.6%,7.8%,48.4%,61.3%,51.5%,Juan Manuel Cerundolo,56.8%,57.4%,0.0%,52.2%,68.2%,6/9,1:48
29‑Apr‑2024,Clay,Q2,Andrea Pellegrino,1-6 6-4 6-1,1.09,3.6%,4.8%,57.1%,72.9%,44.4%,Juan Manuel Cerundolo,51.1%,42.7%,0.0%,41.9%,45.5%,4/13,2:13
29‑Apr‑2024,Clay,Q1,Federico Salomone,6-2 6-4,1.45,0.0%,1.8%,63.2%,63.9%,61.9%,Juan Manuel Cerundolo,58.1%,53.3%,5.0%,40.0%,66.7%,5/10,1:28
22‑Apr‑2024,Clay,R16,Stefano Travaglia,4-6 7-5 6-2,0.68,5.2%,3.5%,73.0%,56.0%,45.2%,Juan Manuel Cerundolo,44.2%,31.7%,4.9%,23.4%,42.9%,4/4,2:31
22‑Apr‑2024,Clay,R32,Oriol Roca Batalla,6-3 6-2,1.70,2.0%,8.0%,56.0%,75.0%,63.6%,Juan Manuel Cerundolo,59.8%,50.9%,3.5%,46.9%,56.0%,4/10,1:14
15‑Apr‑2024,Clay,R32,Dennis Novak,6-3 6-2,0.55,1.9%,5.6%,57.4%,61.3%,43.5%,Juan Manuel Cerundolo,40.0%,25.5%,3.9%,20.0%,33.3%,0/2,1:19
8‑Apr‑2024,Clay,R32,Stefano Travaglia,3-6 6-4 4-0 RET,0.92,6.2%,6.2%,60.5%,53.1%,53.1%,Juan Manuel Cerundolo,47.8%,43.3%,0.0%,38.7%,51.4%,3/13,2:42
11‑Mar‑2024,Clay,R16,Francesco Passaro,6-1 7-5,0.65,0.0%,3.5%,68.4%,46.2%,50.0%,Juan Manuel Cerundolo,40.7%,34.4%,8.2%,21.4%,63.2%,2/3,1:32
11‑Mar‑2024,Clay,R32,Joao Lucas Reis Da Silva,6-1 6-0,1.97,0.0%,12.2%,58.5%,75.0%,41.2%,Juan Manuel Cerundolo,68.8%,76.9%,0.0%,78.3%,75.0%,7/8,1:03
4‑Mar‑2024,Clay,QF,Renzo Olivo,6-3 7-6(4),0.81,0.0%,3.3%,70.5%,58.1%,38.9%,Juan Manuel Cerundolo,44.6%,38.5%,0.0%,33.9%,52.6%,2/7,1:46
4‑Mar‑2024,Clay,R16,Gabi Adrian Boitan,6-3 6-1,2.45,4.7%,2.3%,58.1%,84.0%,72.2%,Juan Manuel Cerundolo,65.5%,51.2%,2.4%,48.1%,57.1%,4/5,1:14
4‑Mar‑2024,Clay,R32,Guido Ivan Justo,6-3 6-2,1.88,5.1%,2.6%,69.2%,77.8%,50.0%,Juan Manuel Cerundolo,62.1%,57.8%,1.6%,57.5%,58.3%,6/10,1:17
26‑Feb‑2024,Clay,R16,Luciano Darderi,6-3 3-6 6-3,0.90,3.5%,2.4%,68.2%,63.8%,59.3%,Juan Manuel Cerundolo,48.0%,33.7%,8.1%,22.7%,45.2%,2/8,2:18
26‑Feb‑2024,Clay,R32,Yannick Hanfmann,3-6 6-3 7-5,1.08,3.3%,4.3%,52.2%,64.6%,61.4%,Juan Manuel Cerundolo,51.3%,40.0%,7.4%,36.4%,45.0%,4/6,2:47
26‑Feb‑2024,Clay,Q2,Matias Soto,6-4 6-4,1.25,4.8%,3.2%,58.7%,75.7%,53.8%,Juan Manuel Cerundolo,54.5%,41.7%,3.3%,31.0%,66.7%,3/5,1:40
26‑Feb‑2024,Clay,Q1,Camilo Ugo Carabelli,6-1 7-6(4),1.28,0.0%,7.9%,68.3%,72.1%,45.0%,Juan Manuel Cerundolo,55.4%,46.6%,0.0%,32.4%,66.7%,4/5,1:40
19‑Feb‑2024,Clay,Q2,Felipe Meligeni Alves,6-3 7-6(6),0.90,1.4%,2.8%,72.2%,59.6%,55.0%,Juan Manuel Cerundolo,47.4%,37.5%,1.3%,23.5%,62.1%,2/8,2:04
19‑Feb‑2024,Clay,Q1,Luciano Darderi,6-2 6-2,1.98,5.0%,2.5%,72.5%,79.3%,54.5%,Juan Manuel Cerundolo,62.1%,54.5%,3.6%,51.5%,59.1%,5/10,1:10
12‑Feb‑2024,Clay,Q1,Thiago Monteiro,4-6 6-4 6-2,0.89,0.9%,4.7%,67.9%,59.7%,38.2%,Juan Manuel Cerundolo,47.2%,41.8%,2.7%,27.0%,61.7%,4/17,3:03
5‑Feb‑2024,Clay,R32,Facundo Bagnis,6-4 6-2,0.67,4.3%,8.5%,66.0%,51.6%,31.3%,Juan Manuel Cerundolo,40.6%,37.3%,0.0%,34.1%,44.4%,2/4,1:29
22‑Jan‑2024,Clay,QF,Gianluca Mager,6-3 6-2,0.41,2.0%,12.0%,54.0%,59.3%,43.5%,Juan Manuel Cerundolo,36.5%,19.6%,6.5%,7.1%,38.9%,0/0,1:07
22‑Jan‑2024,Clay,R16,Nikolas Sanchez Izquierdo,6-1 6-3,1.46,3.9%,0.0%,66.7%,73.5%,58.8%,Juan Manuel Cerundolo,57.7%,45.7%,0.0%,34.5%,64.7%,4/10,1:18
22‑Jan‑2024,Clay,R32,Alessandro Giannessi,1-6 6-4 6-1,1.16,0.0%,4.6%,55.4%,58.3%,55.2%,Juan Manuel Cerundolo,53.1%,50.0%,2.5%,42.6%,60.6%,5/13,1:55
15‑Jan‑2024,Hard,Q1,Terence Atmane,4-6 6-4 6-1,0.91,5.1%,3.8%,73.1%,66.7%,57.1%,Juan Manuel Cerundolo,47.3%,32.6%,6.7%,28.3%,38.9%,1/4,1:43
1‑Jan‑2024,Hard,R32,Gabriel Diallo,4-6 6-3 6-0,0.77,2.8%,2.8%,63.4%,64.4%,38.5%,Juan Manuel Cerundolo,43.9%,34.5%,9.5%,28.3%,45.2%,2/6,1:56
6‑Nov‑2023,Clay,R32,Guido Andreozzi,6-3 6-3,0.73,1.7%,1.7%,77.6%,48.9%,38.5%,Juan Manuel Cerundolo,42.7%,39.0%,5.1%,31.6%,52.4%,2/5,1:28
30‑Oct‑2023,Clay,R32,Roman Andres Burruchaga,6-4 6-2,0.85,0.0%,2.7%,57.3%,51.2%,37.5%,Juan Manuel Cerundolo,45.8%,46.4%,0.0%,47.2%,45.0%,3/6,1:41
23‑Oct‑2023,Clay,R32,Wilson Leite,6-3 7-5,0.85,3.4%,3.4%,61.0%,61.1%,34.8%,Juan Manuel Cerundolo,45.7%,42.0%,4.9%,34.1%,50.0%,3/6,1:54
16‑Oct‑2023,Clay,R32,Thiago Monteiro,6-3 2-6 7-6(4),0.92,5.2%,5.2%,61.5%,71.2%,43.2%,Juan Manuel Cerundolo,48.7%,36.3%,8.8%,30.2%,50.0%,4/5,2:28
9‑Oct‑2023,Clay,QF,Luciano Darderi,6-3 7-5,0.83,2.1%,3.2%,68.1%,62.5%,36.7%,Juan Manuel Cerundolo,47.0%,37.8%,6.8%,35.4%,42.3%,2/7,2:01
9‑Oct‑2023,Clay,R16,Andrea Pellegrino,6-2 4-6 6-4,1.05,4.3%,3.2%,64.5%,65.0%,45.5%,Juan Manuel Cerundolo,51.4%,44.0%,1.2%,39.1%,60.0%,6/9,2:04
9‑Oct‑2023,Clay,R32,Andrea Collarini,6-3 6-3,1.29,0.0%,3.7%,66.7%,52.8%,61.1%,Juan Manuel Cerundolo,56.4%,57.1%,0.0%,52.3%,68.4%,6/10,1:28
2‑Oct‑2023,Clay,R16,Luciano Darderi,6-2 6-4,0.72,8.6%,1.7%,53.4%,67.7%,51.9%,Juan Manuel Cerundolo,44.7%,28.6%,7.1%,18.8%,41.7%,0/3,1:22
2‑Oct‑2023,Clay,R32,Murkel Alejandro Dellien Velasco,6-3 0-0 RET,1.56,4.0%,8.0%,56.0%,71.4%,63.6%,Juan Manuel Cerundolo,57.9%,50.0%,0.0%,40.0%,58.8%,2/6,0:41
18‑Sep‑2023,Clay,R16,Camilo Ugo Carabelli,7-6(5) 3-6 6-2,0.91,2.0%,5.0%,62.0%,54.8%,47.4%,Juan Manuel Cerundolo,47.6%,43.5%,3.7%,41.7%,47.2%,5/9,2:38
18‑Sep‑2023,Clay,R32,Viktor Durasovic,6-3 6-3,1.50,2.1%,2.1%,53.2%,60.0%,68.2%,Juan Manuel Cerundolo,58.3%,54.1%,0.0%,50.0%,59.3%,6/11,1:17
11‑Sep‑2023,Clay,SF,Mariano Navone,6-4 3-0 RET,0.53,2.0%,0.0%,79.6%,48.7%,70.0%,Juan Manuel Cerundolo,40.4%,25.0%,0.0%,26.7%,20.0%,0/1,1:18
11‑Sep‑2023,Clay,QF,Pedro Sakamoto,7-5 6-4,1.34,8.6%,5.2%,69.0%,65.0%,61.1%,Juan Manuel Cerundolo,55.6%,48.5%,0.0%,39.5%,64.0%,5/7,1:35
11‑Sep‑2023,Clay,R16,Orlando Luz,7-6(2) 4-6 7-6(6),1.15,4.0%,0.0%,77.2%,70.5%,56.5%,Juan Manuel Cerundolo,51.4%,37.6%,6.0%,33.3%,43.8%,3/6,2:41
11‑Sep‑2023,Clay,R32,Alex Barrena,6-2 6-3,1.93,2.1%,2.1%,68.1%,81.3%,66.7%,Juan Manuel Cerundolo,58.7%,45.2%,3.2%,32.4%,60.7%,3/6,1:16
28‑Aug‑2023,Hard,R64,Alejandro Davidovich Fokina,6-1 6-4 6-3,0.52,1.1%,2.3%,54.0%,53.2%,37.5%,Juan Manuel Cerundolo,38.1%,27.9%,10.3%,26.0%,33.3%,2/2,1:42
28‑Aug‑2023,Hard,R128,Ilya Ivashka,2-6 6-7(4) 6-3 6-3 6-3,1.04,5.8%,5.2%,54.8%,75.3%,38.6%,Juan Manuel Cerundolo,51.0%,42.8%,6.9%,30.3%,62.5%,8/17,3:34
21‑Aug‑2023,Hard,QF,Borna Coric,6-3 6-1,0.58,2.0%,6.1%,63.3%,61.3%,22.2%,Juan Manuel Cerundolo,38.5%,30.9%,12.7%,20.6%,47.6%,0/3,1:21
21‑Aug‑2023,Hard,R16,Omni Kumar,7-5 6-3,1.23,4.3%,7.2%,63.8%,79.5%,44.0%,Juan Manuel Cerundolo,54.6%,41.0%,4.9%,36.4%,46.4%,3/7,1:37
21‑Aug‑2023,Hard,R32,Yannick Hanfmann,7-6(3) 5-7 7-6(4),0.99,3.2%,8.9%,49.2%,72.1%,46.0%,Juan Manuel Cerundolo,49.8%,40.8%,6.4%,40.0%,42.0%,5/14,3:24
21‑Aug‑2023,Hard,R64,Roman Safiullin,7-6(5) 3-6 6-3,1.02,8.4%,7.5%,57.9%,74.2%,48.9%,Juan Manuel Cerundolo,50.2%,37.3%,6.4%,28.8%,50.0%,2/14,2:36
31‑Jul‑2023,Clay,R32,Arthur Rinderknech,6-7(3) 6-4 6-2,0.75,3.0%,9.0%,57.0%,80.7%,46.5%,Juan Manuel Cerundolo,46.8%,25.6%,21.1%,9.3%,50.0%,0/2,2:09
31‑Jul‑2023,Clay,Q2,Guido Andreozzi,6-2 6-4,0.71,0.0%,3.6%,58.2%,56.3%,47.8%,Juan Manuel Cerundolo,43.4%,33.3%,3.9%,13.3%,61.9%,1/1,1:18
24‑Jul‑2023,Clay,R32,Fabian Marozsan,6-3 6-2,0.67,3.7%,3.7%,55.6%,56.7%,45.8%,Juan Manuel Cerundolo,42.1%,32.1%,7.5%,33.3%,30.0%,1/1,1:06
17‑Jul‑2023,Clay,R32,Alexander Shevchenko,6-3 6-3,0.78,0.0%,3.1%,67.2%,53.5%,42.9%,Juan Manuel Cerundolo,45.2%,39.2%,3.9%,38.2%,41.2%,2/6,1:22
10‑Jul‑2023,Clay,SF,Sebastian Ofner,6-0 6-2,0.44,7.7%,12.8%,53.8%,57.1%,11.1%,Juan Manuel Cerundolo,31.8%,28.3%,10.9%,9.5%,44.0%,0/5,0:51
10‑Jul‑2023,Clay,QF,Elias Ymer,1-6 6-2 6-3,0.98,1.1%,1.1%,52.6%,68.0%,37.8%,Juan Manuel Cerundolo,50.0%,45.5%,7.8%,22.9%,64.3%,5/8,2:11
10‑Jul‑2023,Clay,R16,Alex Barrena,6-2 4-6 6-1,1.25,3.3%,3.3%,48.9%,60.0%,57.4%,Juan Manuel Cerundolo,55.7%,51.5%,4.5%,48.9%,57.9%,6/9,1:54
10‑Jul‑2023,Clay,R32,Maxime Chazal,6-3 6-4,1.46,9.8%,3.9%,62.7%,68.8%,57.9%,Juan Manuel Cerundolo,57.5%,51.6%,0.0%,52.9%,50.0%,5/12,1:21
3‑Jul‑2023,Grass,R128,Jannik Sinner,6-2 6-2 6-2,0.31,5.7%,3.4%,62.1%,55.6%,42.4%,Juan Manuel Cerundolo,36.6%,15.5%,12.1%,17.5%,11.1%,0/2,1:30
26‑Jun‑2023,Grass,Q1,Skander Mansouri,6-4 6-4,0.83,1.2%,7.4%,58.0%,57.4%,41.2%,Juan Manuel Cerundolo,46.1%,40.8%,7.0%,37.3%,50.0%,3/8,1:28
15‑May‑2023,Clay,R16,Andrea Collarini,7-5 6-4,0.83,0.0%,8.9%,66.3%,62.7%,29.4%,Juan Manuel Cerundolo,47.0%,40.3%,3.0%,29.8%,65.0%,3/6,1:56
8‑May‑2023,Clay,R128,Arthur Fils,6-1 1-6 6-4,0.87,3.1%,3.1%,70.1%,55.9%,58.6%,Juan Manuel Cerundolo,47.8%,37.6%,7.1%,37.3%,38.5%,2/10,2:09
8‑May‑2023,Clay,Q2,Tomas Barrios Vera,6-3 6-1,1.76,3.8%,1.9%,67.3%,68.6%,76.5%,Juan Manuel Cerundolo,60.6%,50.9%,0.0%,47.5%,58.8%,4/12,1:25
8‑May‑2023,Clay,Q1,Jelle Sels,6-2 6-2,1.45,1.8%,3.5%,57.9%,84.8%,41.7%,Juan Manuel Cerundolo,57.3%,48.3%,8.3%,47.6%,50.0%,4/7,1:22
1‑May‑2023,Clay,R32,Dalibor Svrcina,6-3 6-1,0.71,3.5%,12.3%,56.1%,43.8%,32.0%,Juan Manuel Cerundolo,41.0%,43.8%,0.0%,38.9%,58.3%,3/7,1:01
24‑Apr‑2023,Clay,Q2,Alexander Shevchenko,7-6(5) 6-4,0.82,3.1%,7.8%,54.7%,65.7%,62.1%,Juan Manuel Cerundolo,45.9%,29.6%,7.0%,19.0%,44.8%,1/3,1:37
24‑Apr‑2023,Clay,Q1,Chun Hsin Tseng,6-3 6-4,1.59,2.0%,2.0%,66.7%,73.5%,58.8%,Juan Manuel Cerundolo,58.4%,50.0%,0.0%,38.9%,65.4%,4/8,1:23
17‑Apr‑2023,Clay,F,Zsombor Piros,6-3 6-4,0.78,0.0%,10.2%,67.3%,51.5%,43.8%,Juan Manuel Cerundolo,43.6%,39.7%,2.9%,37.5%,42.9%,3/8,1:27
17‑Apr‑2023,Clay,SF,Pedro Sousa,6-2 6-4,1.20,5.6%,1.9%,64.8%,65.7%,47.4%,Juan Manuel Cerundolo,54.1%,49.1%,0.0%,50.0%,46.2%,5/9,1:10
17‑Apr‑2023,Clay,QF,Kaichi Uchida,6-3 6-3,1.88,0.0%,4.4%,71.1%,78.1%,69.2%,Juan Manuel Cerundolo,60.0%,46.0%,6.0%,40.7%,52.2%,4/7,1:11
17‑Apr‑2023,Clay,R16,Pablo Llamas Ruiz,6-4 6-3,1.37,0.0%,4.3%,78.3%,63.9%,70.0%,Juan Manuel Cerundolo,55.0%,47.7%,0.0%,41.3%,63.2%,5/10,1:15
17‑Apr‑2023,Clay,R32,Duarte Vale,6-4 6-4,1.58,1.9%,5.6%,61.1%,81.8%,61.9%,Juan Manuel Cerundolo,56.5%,41.0%,0.0%,30.8%,59.1%,2/2,1:23
10‑Apr‑2023,Clay,R32,Bjorn Fratangelo,6-4 7-5,0.81,3.3%,5.0%,66.7%,62.5%,50.0%,Juan Manuel Cerundolo,45.6%,33.8%,0.0%,16.7%,48.6%,2/7,1:35
3‑Apr‑2023,Clay,R32,Tomas Martin Etcheverry,6-3 6-4,0.74,4.5%,4.5%,66.7%,56.8%,40.9%,Juan Manuel Cerundolo,43.8%,35.9%,3.1%,36.0%,35.7%,2/9,1:47
6‑Mar‑2023,Clay,R32,Thiago Seyboth Wild,6-3 6-4,0.62,1.9%,3.7%,64.8%,62.9%,47.4%,Juan Manuel Cerundolo,42.1%,26.4%,3.8%,24.2%,30.0%,1/3,1:17
27‑Feb‑2023,Clay,R16,Dusan Lajovic,6-2 2-6 7-6(2),0.94,1.7%,2.5%,66.4%,63.3%,35.0%,Juan Manuel Cerundolo,48.9%,43.5%,5.6%,36.3%,64.3%,4/10,2:38
27‑Feb‑2023,Clay,R32,Pedro Cachin,6-4 3-6 6-3,0.89,4.9%,4.9%,56.8%,84.8%,51.4%,Juan Manuel Cerundolo,49.7%,26.4%,12.5%,22.2%,33.3%,2/4,2:02
27‑Feb‑2023,Clay,Q2,Federico Delbonis,6-4 6-4,1.22,4.9%,0.0%,55.7%,70.6%,66.7%,Juan Manuel Cerundolo,53.8%,37.9%,1.7%,25.7%,56.5%,3/6,1:35
27‑Feb‑2023,Clay,Q1,Tomas Barrios Vera,1-6 6-3 7-5,1.01,2.4%,4.9%,67.1%,65.5%,37.0%,Juan Manuel Cerundolo,49.5%,44.5%,2.7%,33.3%,59.6%,5/16,2:30
20‑Feb‑2023,Clay,R32,Cameron Norrie,7-5 6-1,0.60,6.0%,4.5%,65.7%,61.4%,34.8%,Juan Manuel Cerundolo,41.5%,28.6%,5.4%,20.5%,47.1%,1/5,1:28
20‑Feb‑2023,Clay,Q2,Nicolas Jarry,6-2 6-3,0.28,1.9%,7.5%,50.9%,55.6%,57.7%,Juan Manuel Cerundolo,37.2%,12.2%,17.1%,11.1%,14.3%,0/0,1:09
20‑Feb‑2023,Clay,Q1,Matheus Pucinelli De Almeida,6-2 6-3,1.71,4.3%,4.3%,72.3%,79.4%,46.2%,Juan Manuel Cerundolo,59.4%,50.8%,1.7%,47.6%,58.8%,5/9,1:28
13‑Feb‑2023,Clay,Q1,Yannick Hanfmann,6-3 3-6 6-2,0.83,3.4%,3.4%,59.6%,58.5%,38.9%,Juan Manuel Cerundolo,45.8%,41.1%,3.3%,32.1%,55.9%,4/9,1:59
6‑Feb‑2023,Clay,QF,Hugo Dellien,6-7(5) 6-4 6-0,0.80,1.2%,3.5%,61.6%,64.2%,36.4%,Juan Manuel Cerundolo,44.8%,37.1%,1.0%,35.9%,42.1%,2/2,2:21
6‑Feb‑2023,Clay,R16,Diego Schwartzman,7-6(6) 6-1,1.43,9.4%,1.6%,67.2%,67.4%,71.4%,Juan Manuel Cerundolo,56.5%,44.8%,1.5%,40.5%,52.0%,4/7,1:40
6‑Feb‑2023,Clay,R32,Pablo Andujar,6-4 1-0 RET,1.26,2.2%,6.7%,68.9%,54.8%,50.0%,Juan Manuel Cerundolo,55.4%,58.6%,0.0%,57.1%,60.0%,3/4,0:53
23‑Jan‑2023,Clay,QF,Hugo Dellien,6-3 6-3,0.77,0.0%,5.2%,60.3%,65.7%,43.5%,Juan Manuel Cerundolo,44.4%,33.3%,3.0%,27.5%,53.3%,0/3,1:28
23‑Jan‑2023,Clay,R16,Hernan Casanova,7-5 6-3,1.26,0.0%,7.0%,69.0%,69.4%,27.3%,Juan Manuel Cerundolo,55.6%,54.9%,0.0%,47.2%,77.8%,6/8,1:46
23‑Jan‑2023,Clay,R32,Tomas Barrios Vera,1-6 7-6(5) 6-1,1.01,1.4%,6.8%,56.2%,70.7%,37.5%,Juan Manuel Cerundolo,49.7%,44.2%,4.7%,36.0%,55.6%,5/7,2:10
9‑Jan‑2023,Clay,F,Jesper De Jong,6-3 2-6 6-2,1.06,1.2%,8.2%,57.6%,53.1%,44.4%,Juan Manuel Cerundolo,51.9%,53.8%,4.8%,50.0%,59.1%,8/13,2:17
9‑Jan‑2023,Clay,SF,Andrea Collarini,6-3 6-1,1.32,9.2%,1.5%,52.3%,70.6%,58.1%,Juan Manuel Cerundolo,57.1%,46.8%,0.0%,47.1%,46.2%,4/6,1:25
9‑Jan‑2023,Clay,QF,Juan Bautista Torres,6-2 7-6(2),1.56,0.0%,1.6%,56.5%,74.3%,63.0%,Juan Manuel Cerundolo,58.1%,47.8%,0.0%,46.0%,52.9%,4/6,1:42
9‑Jan‑2023,Clay,R16,Edoardo Lavagno,7-5 4-6 6-2,1.11,2.4%,3.9%,63.8%,64.2%,30.4%,Juan Manuel Cerundolo,52.5%,53.1%,0.0%,47.5%,62.9%,8/19,2:32
9‑Jan‑2023,Clay,R32,Daniel Dutra Da Silva,6-2 6-1,2.82,2.9%,0.0%,74.3%,80.8%,77.8%,Juan Manuel Cerundolo,65.6%,56.4%,1.8%,53.8%,58.6%,5/9,1:07
2‑Jan‑2023,Clay,F,Murkel Alejandro Dellien Velasco,4-6 6-4 6-2,1.11,1.9%,4.6%,59.3%,68.8%,52.3%,Juan Manuel Cerundolo,53.0%,42.2%,1.1%,31.5%,58.3%,4/10,2:38
2‑Jan‑2023,Clay,SF,Alessandro Giannessi,6-3 7-5,1.12,1.1%,7.9%,66.3%,64.4%,40.0%,Juan Manuel Cerundolo,53.4%,49.2%,0.0%,50.0%,47.4%,5/7,1:42
2‑Jan‑2023,Clay,QF,Guido Andreozzi,6-3 6-1,1.48,3.2%,6.5%,66.1%,78.0%,47.6%,Juan Manuel Cerundolo,59.6%,47.6%,7.1%,31.0%,84.6%,4/6,1:12
2‑Jan‑2023,Clay,R16,Thiago Seyboth Wild,3-6 6-1 6-4,1.14,0.0%,2.2%,69.2%,63.5%,64.3%,Juan Manuel Cerundolo,53.2%,41.3%,0.0%,31.3%,56.3%,4/10,2:17
2‑Jan‑2023,Clay,R32,Titouan Droguet,6-4 6-2,1.68,0.0%,7.3%,65.9%,81.5%,50.0%,Juan Manuel Cerundolo,58.2%,49.1%,3.5%,42.9%,55.2%,5/7,1:02
7‑Nov‑2022,Clay,R16,Facundo Diaz Acosta,6-3 3-0 RET,0.75,5.7%,0.0%,51.4%,44.4%,52.9%,Juan Manuel Cerundolo,42.3%,38.7%,1.6%,36.7%,40.6%,0/8,1:18
7‑Nov‑2022,Clay,R32,Guido Pella,7-5 6-3,1.34,0.0%,3.4%,60.3%,57.1%,69.6%,Juan Manuel Cerundolo,56.4%,50.8%,1.7%,38.9%,69.6%,5/8,1:31
31‑Oct‑2022,Clay,R16,Jan Choinski,6-7(3) 6-2 6-4,0.73,2.9%,3.8%,76.0%,64.6%,32.0%,Juan Manuel Cerundolo,45.5%,31.8%,2.4%,29.3%,37.0%,2/4,2:27
31‑Oct‑2022,Clay,R32,Gerald Melzer,6-4 6-2,1.47,4.3%,2.1%,76.6%,69.4%,45.5%,Juan Manuel Cerundolo,57.9%,53.3%,0.0%,45.5%,75.0%,6/9,1:16
17‑Oct‑2022,Clay,F,Facundo Diaz Acosta,6-3 3-6 6-4,1.09,0.0%,0.0%,69.5%,57.5%,62.5%,Juan Manuel Cerundolo,51.9%,44.8%,1.9%,41.3%,50.0%,5/11,2:23
17‑Oct‑2022,Clay,SF,Franco Agamenone,6-2 6-2,1.41,0.0%,5.2%,69.0%,70.0%,55.6%,Juan Manuel Cerundolo,59.1%,48.6%,0.0%,43.5%,58.3%,4/5,1:08
17‑Oct‑2022,Clay,QF,Tomas Martin Etcheverry,4-6 6-3 6-4,1.00,2.2%,4.3%,72.8%,67.2%,52.0%,Juan Manuel Cerundolo,51.5%,37.0%,0.0%,39.2%,31.8%,4/7,2:23
17‑Oct‑2022,Clay,R16,Matias Soto,6-1 6-4,1.41,5.7%,7.1%,61.4%,72.1%,44.4%,Juan Manuel Cerundolo,57.9%,54.3%,2.9%,37.5%,76.7%,5/7,1:31
17‑Oct‑2022,Clay,R32,Gonzalo Villanueva,6-4 6-3,1.26,1.5%,4.5%,69.7%,54.3%,60.0%,Juan Manuel Cerundolo,55.6%,55.2%,1.7%,59.0%,47.4%,6/10,1:32
10‑Oct‑2022,Clay,QF,Federico Coria,6-7(4) 6-4 6-3,0.92,0.8%,1.7%,70.2%,61.2%,41.7%,Juan Manuel Cerundolo,48.5%,41.2%,0.9%,40.0%,47.4%,3/8,2:53
10‑Oct‑2022,Clay,R16,Remy Bertola,6-2 6-2,1.58,3.5%,0.0%,66.7%,71.1%,63.2%,Juan Manuel Cerundolo,58.7%,50.0%,1.6%,36.8%,69.2%,4/9,1:20
10‑Oct‑2022,Clay,R32,Thiago Agustin Tirante,6-1 5-7 7-6(7),1.08,0.0%,3.9%,68.8%,67.0%,42.5%,Juan Manuel Cerundolo,51.8%,43.8%,4.1%,40.5%,50.0%,5/16,3:01
26‑Sep‑2022,Clay,F,Camilo Ugo Carabelli,6-4 2-6 7-5,1.09,2.1%,4.3%,68.1%,59.4%,46.7%,Juan Manuel Cerundolo,51.8%,48.5%,3.0%,40.3%,70.4%,7/16,2:32
26‑Sep‑2022,Clay,SF,Mariano Navone,6-3 7-5,1.25,0.0%,0.0%,72.9%,64.7%,52.6%,Juan Manuel Cerundolo,54.4%,48.1%,0.0%,42.6%,68.8%,5/10,1:41
26‑Sep‑2022,Clay,QF,Facundo Bagnis,6-4 6-2,1.42,1.7%,3.3%,78.3%,68.1%,30.8%,Juan Manuel Cerundolo,58.5%,56.9%,1.7%,55.6%,59.1%,6/8,1:21
26‑Sep‑2022,Clay,R16,Hernan Casanova,6-2 6-2,1.64,2.1%,4.3%,59.6%,71.4%,63.2%,Juan Manuel Cerundolo,60.4%,52.3%,2.3%,51.4%,55.6%,5/6,1:06
26‑Sep‑2022,Clay,R32,Nicolas Alvarez,6-3 6-3,1.83,2.3%,0.0%,65.9%,75.9%,66.7%,Juan Manuel Cerundolo,59.1%,50.0%,4.5%,44.4%,61.9%,5/8,1:18
19‑Sep‑2022,Clay,QF,Mariano Navone,6-2 7-6(5),0.82,0.0%,4.7%,56.5%,47.9%,35.1%,Juan Manuel Cerundolo,44.4%,47.5%,0.0%,41.9%,62.5%,5/6,1:48
19‑Sep‑2022,Clay,R16,Juan Bautista Otegui,4-6 6-3 6-4,1.07,2.2%,3.4%,61.8%,61.8%,38.2%,Juan Manuel Cerundolo,51.6%,50.5%,2.2%,33.3%,68.9%,8/20,2:09
19‑Sep‑2022,Clay,R32,Genaro Alberto Olivieri,7-6(5) 6-3,1.10,0.0%,1.3%,66.3%,58.5%,51.9%,Juan Manuel Cerundolo,52.2%,48.1%,3.9%,45.8%,51.7%,6/10,1:51
1‑Aug‑2022,Clay,R32,Gianmarco Ferrari,6-3 6-7(6) 6-4,0.97,1.9%,2.8%,54.2%,58.6%,53.1%,Juan Manuel Cerundolo,48.9%,42.6%,4.1%,43.8%,41.4%,3/11,2:40
18‑Jul‑2022,Clay,SF,Harold Mayot,6-7(3) 6-3 6-1,0.85,4.9%,3.7%,64.6%,60.4%,55.2%,Juan Manuel Cerundolo,46.7%,35.3%,0.0%,26.7%,56.0%,2/4,1:54
18‑Jul‑2022,Clay,QF,Frederico Ferreira Silva,6-1 6-2,1.72,0.0%,2.3%,61.4%,70.4%,64.7%,Juan Manuel Cerundolo,60.8%,54.7%,0.0%,48.6%,66.7%,5/8,1:13
18‑Jul‑2022,Clay,R16,Lorenzo Giustino,7-6(2) 6-1,1.37,4.2%,2.8%,59.2%,73.8%,48.3%,Juan Manuel Cerundolo,56.7%,50.0%,0.0%,44.1%,55.6%,4/9,1:51
18‑Jul‑2022,Clay,R32,Lucas Miedler,7-6(2) 6-2,1.30,1.5%,3.0%,65.2%,58.1%,78.3%,Juan Manuel Cerundolo,55.4%,45.3%,3.1%,42.9%,50.0%,4/7,1:28
30‑May‑2022,Clay,QF,Lorenzo Musetti,6-7(9) 6-1 0-0 RET,0.79,0.0%,2.9%,60.0%,59.5%,39.3%,Juan Manuel Cerundolo,44.5%,38.2%,3.9%,32.1%,52.2%,2/6,1:57
30‑May‑2022,Clay,R16,Robin Haase,6-3 6-2,1.45,1.6%,4.8%,75.8%,72.3%,46.7%,Juan Manuel Cerundolo,57.9%,49.2%,8.5%,30.0%,69.0%,4/8,1:19
30‑May‑2022,Clay,R32,Flavio Cobolli,7-6(1) 6-1,1.27,1.5%,1.5%,71.2%,61.7%,57.9%,Juan Manuel Cerundolo,55.3%,50.0%,4.5%,41.7%,60.0%,4/5,1:43
23‑May‑2022,Clay,QF,Andrea Collarini,6-2 6-3,0.69,1.9%,1.9%,62.3%,57.6%,25.0%,Juan Manuel Cerundolo,41.4%,37.9%,0.0%,32.7%,66.7%,1/6,1:21
23‑May‑2022,Clay,R16,Luciano Darderi,6-4 6-1,1.28,0.0%,0.0%,83.1%,67.3%,30.0%,Juan Manuel Cerundolo,55.1%,50.0%,2.9%,30.0%,65.8%,5/13,1:38
23‑May‑2022,Clay,R32,Alexandre Muller,7-5 6-4,1.07,0.0%,1.3%,70.0%,67.9%,50.0%,Juan Manuel Cerundolo,52.0%,40.3%,0.0%,25.7%,54.1%,3/6,1:59
4‑Apr‑2022,Clay,R32,Ivan Gakhov,3-6 7-6(3) 2-0 RET,1.00,0.0%,3.3%,74.4%,55.2%,52.2%,Juan Manuel Cerundolo,50.3%,45.8%,6.0%,34.1%,57.1%,5/9,2:02
21‑Mar‑2022,Hard,R32,Frances Tiafoe,6-3 6-2,0.47,4.1%,2.0%,65.3%,62.5%,41.2%,Juan Manuel Cerundolo,38.5%,21.3%,6.4%,21.9%,20.0%,0/0,1:05
21‑Mar‑2022,Hard,R64,Kevin Anderson,7-6(7) 3-6 6-3,0.88,1.0%,0.0%,75.8%,68.0%,58.3%,Juan Manuel Cerundolo,49.2%,30.2%,10.5%,17.6%,48.6%,2/4,2:18
21‑Mar‑2022,Hard,R128,Dusan Lajovic,6-3 7-5,1.54,1.8%,1.8%,71.9%,70.7%,62.5%,Juan Manuel Cerundolo,57.5%,48.6%,1.4%,44.9%,57.1%,5/6,1:37
14‑Mar‑2022,Hard,R32,Liam Broady,6-1 6-2,0.57,0.0%,5.3%,52.6%,50.0%,37.0%,Juan Manuel Cerundolo,38.3%,32.0%,12.0%,25.0%,44.4%,1/3,1:15
7‑Mar‑2022,Hard,R128,Jack Sock,6-1 6-1,0.44,0.0%,6.8%,59.1%,34.6%,44.4%,Juan Manuel Cerundolo,33.0%,27.3%,2.3%,20.6%,50.0%,0/2,1:04
21‑Feb‑2022,Clay,R32,Carlos Taberner,6-2 7-5,0.92,1.9%,9.3%,61.1%,57.6%,57.1%,Juan Manuel Cerundolo,45.9%,39.1%,4.3%,33.3%,51.7%,1/9,2:07
17‑Jan‑2022,Hard,R128,Tomas Machac,6-3 2-6 6-4 6-2,0.82,2.3%,3.0%,57.9%,61.0%,42.9%,Juan Manuel Cerundolo,46.7%,38.3%,4.7%,30.5%,47.9%,4/10,2:55
10‑Jan‑2022,Hard,Q1,Egor Gerasimov,6-4 5-7 7-5,0.94,3.0%,2.0%,71.0%,69.0%,69.0%,Juan Manuel Cerundolo,48.8%,29.1%,5.8%,22.5%,43.8%,1/5,2:21
3‑Jan‑2022,Hard,R16,Gael Monfils,6-2 6-1,0.47,0.0%,4.7%,62.8%,40.7%,43.8%,Juan Manuel Cerundolo,34.9%,27.5%,12.5%,17.2%,54.5%,1/1,0:54
3‑Jan‑2022,Hard,R32,Alex Bolt,6-2 6-4,1.07,2.8%,5.6%,67.6%,70.8%,43.5%,Juan Manuel Cerundolo,53.3%,40.8%,12.2%,24.1%,65.0%,4/6,1:19
15‑Nov‑2021,Clay,QF,Francisco Cerundolo,6-1 7-5,0.74,2.9%,5.9%,70.6%,47.9%,30.0%,Juan Manuel Cerundolo,42.5%,42.3%,1.9%,37.8%,53.3%,3/6,1:12
15‑Nov‑2021,Clay,R16,Gustavo Heide,6-1 3-6 6-3,1.17,1.1%,5.6%,65.6%,67.8%,45.2%,Juan Manuel Cerundolo,53.9%,46.8%,0.0%,33.3%,58.5%,5/11,1:46
15‑Nov‑2021,Clay,R32,Matheus Pucinelli De Almeida,4-6 7-5 6-1,1.19,0.0%,2.1%,66.3%,57.1%,59.4%,Juan Manuel Cerundolo,54.0%,50.0%,0.0%,50.0%,50.0%,7/11,2:10
8‑Nov‑2021,Hard,RR,Holger Rune,4-1 4-2 1-4 4-1,0.64,1.6%,3.3%,72.1%,59.1%,58.8%,Juan Manuel Cerundolo,43.2%,26.3%,7.0%,9.4%,48.0%,1/2,1:16
8‑Nov‑2021,Hard,RR,Brandon Nakashima,4-1 3-4(3) 4-1 4-0,0.47,3.1%,0.0%,72.3%,55.3%,50.0%,Juan Manuel Cerundolo,38.4%,21.7%,8.3%,25.0%,15.0%,0/0,1:28
8‑Nov‑2021,Hard,RR,Carlos Alcaraz,4-0 4-1 2-4 4-3(3),0.84,0.0%,3.4%,72.9%,69.8%,43.8%,Juan Manuel Cerundolo,45.7%,31.4%,2.9%,26.4%,47.1%,1/10,1:23
25‑Oct‑2021,Clay,F,Nicolas Jarry,6-2 7-5,0.54,1.5%,1.5%,80.3%,54.7%,53.8%,Juan Manuel Cerundolo,41.7%,24.5%,16.3%,17.6%,40.0%,1/2,1:20
25‑Oct‑2021,Clay,SF,Juan Pablo Varillas,7-5 1-6 6-3,1.04,1.1%,1.1%,83.1%,58.1%,66.7%,Juan Manuel Cerundolo,50.5%,41.9%,7.5%,37.5%,48.6%,4/8,2:21
25‑Oct‑2021,Clay,QF,Hugo Dellien,7-6(4) 6-7(5) 6-4,0.82,2.9%,2.9%,74.3%,62.5%,52.8%,Juan Manuel Cerundolo,48.4%,32.7%,1.9%,25.3%,56.0%,5/7,2:50
25‑Oct‑2021,Clay,R16,Alexis Galarneau,7-5 6-4,1.15,0.0%,3.1%,76.9%,56.0%,66.7%,Juan Manuel Cerundolo,52.3%,47.7%,0.0%,48.1%,47.1%,5/15,1:47
25‑Oct‑2021,Clay,R32,Orlando Luz,4-6 6-1 6-4,1.22,0.0%,2.5%,62.5%,64.0%,53.3%,Juan Manuel Cerundolo,54.0%,48.9%,2.1%,42.0%,56.8%,7/12,1:59
18‑Oct‑2021,Clay,SF,Sebastian Baez,6-1 6-2,0.45,0.0%,2.5%,80.0%,40.6%,37.5%,Juan Manuel Cerundolo,33.3%,27.3%,0.0%,25.7%,33.3%,1/1,0:46
18‑Oct‑2021,Clay,QF,Hugo Dellien,2-6 7-5 7-6(5),0.94,0.9%,1.8%,71.8%,55.7%,58.1%,Juan Manuel Cerundolo,48.8%,41.0%,0.0%,42.7%,31.3%,5/11,2:30
18‑Oct‑2021,Clay,R16,Andrea Collarini,6-4 3-6 6-4,1.07,0.0%,3.5%,72.9%,61.3%,43.5%,Juan Manuel Cerundolo,50.8%,46.4%,1.8%,42.4%,52.3%,6/14,2:28
18‑Oct‑2021,Clay,R32,Guido Andreozzi,6-4 6-2,1.34,0.0%,0.0%,88.7%,57.4%,66.7%,Juan Manuel Cerundolo,57.0%,55.6%,1.9%,55.2%,56.0%,6/9,1:23
11‑Oct‑2021,Clay,QF,Sebastian Baez,6-3 6-4,0.80,0.0%,2.5%,71.6%,55.2%,26.1%,Juan Manuel Cerundolo,45.1%,42.6%,1.6%,38.0%,63.6%,3/9,1:54
4‑Oct‑2021,Clay,R32,Nicolas Kicker,6-0 6-1,0.53,0.0%,3.6%,60.0%,42.4%,36.4%,Juan Manuel Cerundolo,36.5%,31.7%,4.9%,23.1%,46.7%,0/3,1:14
27‑Sep‑2021,Clay,QF,Camilo Ugo Carabelli,3-6 6-4 2-0 RET,1.07,0.0%,3.3%,60.0%,58.3%,50.0%,Juan Manuel Cerundolo,51.1%,48.1%,0.0%,44.7%,52.9%,4/12,1:58
27‑Sep‑2021,Clay,R16,Gonzalo Lama,6-1 7-6(3),1.31,4.3%,1.4%,62.3%,67.4%,53.8%,Juan Manuel Cerundolo,55.8%,49.3%,0.0%,37.8%,70.8%,4/11,1:44
27‑Sep‑2021,Clay,R32,Gonzalo Bueno,6-1 6-3,1.53,2.0%,3.9%,66.7%,61.8%,47.1%,Juan Manuel Cerundolo,61.4%,66.0%,2.0%,64.3%,75.0%,7/9,1:05
6‑Sep‑2021,Clay,F,Nikola Milojevic,6-3 6-1,1.42,0.0%,0.0%,86.3%,61.4%,71.4%,Juan Manuel Cerundolo,57.7%,52.8%,0.0%,44.4%,61.5%,5/8,1:20
6‑Sep‑2021,Clay,SF,Tomas Martin Etcheverry,6-3 6-3,1.52,1.9%,1.9%,75.9%,61.0%,61.5%,Juan Manuel Cerundolo,60.0%,58.9%,1.8%,56.4%,64.7%,6/10,1:26
6‑Sep‑2021,Clay,QF,Chun Hsin Tseng,6-2 6-0,1.63,0.0%,2.4%,88.1%,67.6%,40.0%,Juan Manuel Cerundolo,60.5%,58.3%,1.4%,54.3%,65.4%,6/18,1:21
6‑Sep‑2021,Clay,R32,Malek Jaziri,1-6 6-3 6-4,1.07,2.6%,2.6%,84.4%,58.5%,58.3%,Juan Manuel Cerundolo,51.3%,44.4%,1.2%,38.8%,53.1%,5/10,1:51
29‑Aug‑2021,Clay,F,Gian Marco Moroni,7-5 7-6(7),1.10,1.1%,3.3%,71.4%,53.8%,53.8%,Juan Manuel Cerundolo,52.3%,50.6%,0.0%,42.1%,69.2%,6/7,2:17
29‑Aug‑2021,Clay,SF,Daniel Altmaier,6-4 3-0 RET,1.34,0.0%,10.0%,82.5%,63.6%,14.3%,Juan Manuel Cerundolo,57.8%,60.5%,0.0%,56.5%,65.0%,5/11,1:02
29‑Aug‑2021,Clay,QF,Nino Serdarusic,7-5 6-2,1.31,0.0%,2.9%,71.0%,63.3%,45.0%,Juan Manuel Cerundolo,56.6%,55.0%,1.7%,43.8%,67.9%,6/8,1:34
29‑Aug‑2021,Clay,R16,Giulio Zeppieri,5-0 RET,2.17,0.0%,0.0%,75.0%,66.7%,66.7%,Juan Manuel Cerundolo,70.0%,72.2%,0.0%,60.0%,87.5%,3/5,0:22
29‑Aug‑2021,Clay,R32,Tristan Lamasine,6-4 7-6(2),1.26,0.0%,1.4%,74.6%,62.3%,61.1%,Juan Manuel Cerundolo,54.7%,48.1%,1.3%,37.5%,76.2%,4/6,1:43
23‑Aug‑2021,Clay,R32,Andrea Arnaboldi,6-1 2-6 5-2 RET,0.83,0.0%,1.6%,79.7%,60.8%,46.2%,Juan Manuel Cerundolo,46.5%,34.9%,0.0%,20.5%,58.3%,2/2,1:40
16‑Aug‑2021,Clay,SF,Daniel Altmaier,6-2 7-6(4),0.72,1.2%,2.5%,85.2%,58.0%,41.7%,Juan Manuel Cerundolo,45.7%,32.2%,8.5%,21.6%,50.0%,1/1,1:39
16‑Aug‑2021,Clay,QF,Camilo Ugo Carabelli,3-6 6-3 6-2,1.43,0.0%,1.4%,81.1%,65.0%,85.7%,Juan Manuel Cerundolo,55.5%,44.4%,3.3%,34.8%,54.5%,4/13,2:03
16‑Aug‑2021,Clay,R16,Filip Cristian Jianu,6-2 6-2,1.35,0.0%,0.0%,84.1%,58.0%,46.2%,Juan Manuel Cerundolo,57.3%,59.2%,2.0%,45.2%,83.3%,6/10,1:29
16‑Aug‑2021,Clay,R32,Michael Vrbensky,6-4 6-2,1.36,0.0%,1.9%,77.4%,65.9%,50.0%,Juan Manuel Cerundolo,56.0%,51.4%,0.0%,48.6%,54.1%,5/11,1:37
9‑Aug‑2021,Clay,F,Tomas Barrios Vera,7-6(7) 6-3,0.71,1.3%,0.0%,76.3%,47.5%,68.4%,Juan Manuel Cerundolo,44.9%,33.9%,0.0%,27.6%,40.7%,2/2,1:35
9‑Aug‑2021,Clay,SF,Botic Van De Zandschulp,7-5 6-4,1.14,1.4%,4.2%,69.0%,51.0%,54.5%,Juan Manuel Cerundolo,53.3%,54.5%,1.5%,38.5%,77.8%,7/15,1:31
9‑Aug‑2021,Clay,QF,Filip Horansky,3-6 6-1 7-5,1.07,0.0%,3.3%,75.6%,61.8%,45.5%,Juan Manuel Cerundolo,51.7%,45.1%,2.4%,40.0%,55.6%,6/10,1:53
9‑Aug‑2021,Clay,R16,Maximilian Marterer,6-4 7-6(3),1.24,0.0%,1.3%,77.5%,66.1%,66.7%,Juan Manuel Cerundolo,53.6%,41.9%,2.3%,33.9%,56.7%,2/14,1:54
9‑Aug‑2021,Clay,R32,Kimmer Coppejans,2-6 6-2 6-2,1.20,1.4%,0.0%,84.1%,60.3%,63.6%,Juan Manuel Cerundolo,54.0%,47.1%,1.5%,43.9%,51.9%,5/8,1:37
2‑Aug‑2021,Clay,R32,Riccardo Bonadio,6-0 3-6 6-2,0.82,1.4%,0.0%,76.1%,51.9%,58.8%,Juan Manuel Cerundolo,45.2%,38.1%,1.2%,34.0%,44.1%,2/9,1:56
26‑Jul‑2021,Clay,Q1,Lukas Rosol,6-3 6-7(10) 6-1,0.79,2.1%,3.2%,68.1%,70.3%,53.3%,Juan Manuel Cerundolo,45.5%,27.9%,9.6%,13.8%,45.7%,0/5,1:58
19‑Jul‑2021,Clay,R32,Hugo Gaston,6-4 6-2,0.78,0.0%,3.5%,63.2%,47.2%,52.4%,Juan Manuel Cerundolo,44.2%,39.7%,1.6%,31.4%,50.0%,2/3,1:19
28‑Jun‑2021,Grass,Q1,Enzo Couacaud,4-6 6-2 6-3,0.71,0.0%,3.5%,58.8%,56.0%,48.6%,Juan Manuel Cerundolo,43.8%,33.3%,10.7%,20.5%,51.6%,3/4,1:33
14‑Jun‑2021,Clay,R32,Alexander Erler,7-6(1) 4-2 RET,0.68,1.4%,6.9%,62.5%,62.2%,44.4%,Juan Manuel Cerundolo,43.9%,30.0%,8.3%,22.9%,40.0%,0/0,1:31
7‑Jun‑2021,Clay,R16,Martin Klizan,6-7(0) 6-3 7-5,0.88,1.8%,2.6%,78.1%,64.0%,40.0%,Juan Manuel Cerundolo,48.4%,36.4%,8.1%,27.5%,45.8%,3/9,2:09
7‑Jun‑2021,Clay,R32,Milos Karol,6-4 6-2,2.22,0.0%,2.2%,71.1%,87.5%,61.5%,Juan Manuel Cerundolo,59.3%,44.4%,6.3%,40.0%,50.0%,3/7,1:05
31‑May‑2021,Clay,Q3,Henri Laaksonen,6-7(5) 6-3 7-6(7),0.97,0.8%,0.8%,84.0%,60.0%,68.4%,Juan Manuel Cerundolo,49.0%,37.5%,12.5%,29.2%,46.0%,3/13,2:31
31‑May‑2021,Clay,Q2,Mohamed Safwat,6-1 6-2,1.81,2.0%,4.0%,80.0%,75.0%,50.0%,Juan Manuel Cerundolo,62.2%,54.2%,4.2%,48.4%,64.7%,4/8,1:07
31‑May‑2021,Clay,Q1,Andrea Collarini,6-4 0-6 7-5,0.81,0.0%,1.0%,81.4%,54.4%,50.0%,Juan Manuel Cerundolo,46.2%,37.6%,5.9%,26.9%,54.5%,4/5,2:14
10‑May‑2021,Clay,SF,Juan Pablo Varillas,5-1 RET,0.67,0.0%,0.0%,80.0%,43.8%,50.0%,Juan Manuel Cerundolo,40.0%,36.7%,0.0%,21.4%,50.0%,0/2,0:38
10‑May‑2021,Clay,QF,Botic Van De Zandschulp,6-4 6-7(3) 6-2,1.02,0.0%,1.8%,75.2%,57.6%,67.9%,Juan Manuel Cerundolo,51.5%,40.4%,3.4%,32.7%,52.9%,5/7,2:42
10‑May‑2021,Clay,R16,Federico Coria,7-6(4) 6-2,1.44,0.0%,0.0%,76.1%,64.8%,70.6%,Juan Manuel Cerundolo,57.2%,48.6%,0.0%,41.2%,65.2%,4/7,2:02
10‑May‑2021,Clay,R32,Evgeny Donskoy,6-3 6-2,1.57,2.2%,0.0%,71.7%,63.6%,69.2%,Juan Manuel Cerundolo,59.1%,54.7%,4.7%,35.7%,69.4%,6/8,1:22
3‑May‑2021,Clay,R32,Mackenzie Mcdonald,3-6 6-4 6-3,0.85,1.3%,1.3%,76.3%,55.7%,42.1%,Juan Manuel Cerundolo,46.2%,40.4%,3.4%,35.7%,48.5%,5/11,2:08
26‑Apr‑2021,Clay,F,Flavio Cobolli,6-2 3-6 6-3,1.15,1.3%,0.0%,77.9%,65.0%,52.9%,Juan Manuel Cerundolo,52.1%,43.2%,0.0%,31.7%,67.9%,5/9,1:44
26‑Apr‑2021,Clay,SF,Alessandro Giannessi,4-6 6-4 7-5,1.07,1.8%,0.9%,77.9%,62.5%,48.0%,Juan Manuel Cerundolo,51.3%,43.7%,0.8%,39.3%,56.7%,6/16,2:46
26‑Apr‑2021,Clay,QF,Giulio Zeppieri,6-0 6-3,2.00,0.0%,4.5%,75.0%,72.7%,63.6%,Juan Manuel Cerundolo,64.8%,59.1%,2.3%,66.7%,47.1%,5/7,1:00
26‑Apr‑2021,Clay,R16,Alexandre Muller,6-4 6-3,1.13,0.0%,3.5%,77.2%,59.1%,30.8%,Juan Manuel Cerundolo,53.2%,53.7%,1.5%,46.5%,66.7%,6/12,1:31
26‑Apr‑2021,Clay,R32,Tristan Lamasine,7-5 7-5,1.29,0.0%,2.6%,76.3%,69.0%,33.3%,Juan Manuel Cerundolo,55.9%,50.7%,1.5%,42.0%,76.5%,5/6,1:44
19‑Apr‑2021,Clay,R32,Brayden Schnur,6-3 3-6 6-4,0.97,1.1%,4.4%,62.6%,57.9%,61.8%,Juan Manuel Cerundolo,49.0%,39.6%,4.0%,33.8%,51.5%,3/8,2:11
8‑Mar‑2021,Clay,R16,Roberto Carballes Baena,6-2 6-0,0.62,0.0%,0.0%,60.0%,43.3%,35.0%,Juan Manuel Cerundolo,38.5%,37.3%,0.0%,34.9%,43.8%,0/8,1:23
8‑Mar‑2021,Clay,R32,Gonzalo Lama,7-5 6-2,1.38,1.5%,1.5%,75.4%,67.3%,68.8%,Juan Manuel Cerundolo,57.0%,44.6%,3.6%,34.4%,58.3%,4/5,1:26
1‑Mar‑2021,Clay,R32,Federico Delbonis,6-4 7-6(2),0.82,0.0%,2.8%,84.7%,52.5%,45.5%,Juan Manuel Cerundolo,45.8%,40.0%,2.9%,38.5%,41.9%,4/4,1:44
22‑Feb‑2021,Clay,F,Albert Ramos,6-0 2-6 6-2,1.18,0.0%,5.0%,71.3%,61.4%,52.2%,Juan Manuel Cerundolo,54.0%,48.6%,1.4%,49.0%,47.6%,6/13,1:53
22‑Feb‑2021,Clay,SF,Federico Coria,6-4 4-6 6-2,1.13,1.3%,2.6%,79.5%,59.7%,43.8%,Juan Manuel Cerundolo,52.2%,49.1%,0.9%,50.7%,45.5%,7/22,2:09
22‑Feb‑2021,Clay,QF,Thiago Monteiro,6-2 2-6 6-3,1.19,0.0%,2.7%,71.6%,64.2%,52.4%,Juan Manuel Cerundolo,53.0%,46.7%,5.6%,37.9%,62.5%,5/12,2:16
22‑Feb‑2021,Clay,R16,Miomir Kecmanovic,6-7(3) 7-5 6-2,1.21,4.4%,0.0%,72.5%,63.6%,64.0%,Juan Manuel Cerundolo,53.4%,44.0%,3.0%,37.5%,55.6%,6/12,2:19
22‑Feb‑2021,Clay,R32,Thiago Seyboth Wild,7-5 7-6(3),1.28,1.5%,0.0%,71.6%,79.2%,63.2%,Juan Manuel Cerundolo,52.5%,32.4%,5.4%,29.4%,39.1%,2/4,1:41
22‑Feb‑2021,Clay,Q3,Joao Menezes,6-4 6-4,1.40,4.8%,0.0%,71.0%,65.9%,66.7%,Juan Manuel Cerundolo,55.9%,47.3%,5.4%,39.6%,61.5%,4/5,1:36
22‑Feb‑2021,Clay,Q2,Juan Pablo Varillas,7-6(7) 6-3,1.15,0.0%,1.6%,66.7%,64.3%,38.1%,Juan Manuel Cerundolo,53.1%,51.2%,4.9%,43.1%,64.5%,6/10,1:46
23‑Nov‑2020,Clay,R16,Vitaliy Sachko,6-4 6-3,0.82,0.0%,6.2%,67.7%,52.3%,47.6%,Juan Manuel Cerundolo,45.5%,40.6%,4.3%,31.1%,58.3%,2/4,1:41
23‑Nov‑2020,Clay,R32,Conner Huertas Del Pino,6-4 7-5,1.13,1.6%,3.2%,71.0%,61.4%,55.6%,Juan Manuel Cerundolo,52.9%,45.8%,3.4%,40.9%,60.0%,5/6,1:23
16‑Nov‑2020,Clay,Q1,Genaro Alberto Olivieri,3-6 6-3 6-2,0.84,1.4%,2.9%,70.0%,57.1%,52.4%,Juan Manuel Cerundolo,45.3%,37.4%,6.6%,31.4%,45.0%,3/11,1:56
12‑Oct‑2020,Clay,Q1,Liam Broady,6-3 7-6(2),0.93,0.0%,3.6%,67.5%,57.1%,44.4%,Juan Manuel Cerundolo,48.7%,43.7%,1.4%,33.3%,54.3%,4/6,1:57
21‑Sep‑2020,Clay,R16,Tomas Martin Etcheverry,6-4 7-6(7),0.96,2.7%,1.4%,82.2%,55.0%,69.2%,Juan Manuel Cerundolo,49.3%,40.8%,2.8%,34.0%,61.1%,3/4,1:43
21‑Sep‑2020,Clay,R32,Sasi Kumar Mukund,6-4 7-6(5),1.05,0.0%,5.4%,64.9%,56.3%,53.8%,Juan Manuel Cerundolo,51.4%,46.9%,7.8%,33.3%,68.0%,5/7,1:34
24‑Aug‑2020,Clay,Q2,Geoffrey Blancaneaux,6-3 6-4,0.75,0.0%,0.0%,77.8%,50.0%,68.8%,Juan Manuel Cerundolo,44.9%,34.4%,1.6%,30.0%,50.0%,1/3,1:42
24‑Aug‑2020,Clay,Q1,Andrea Arnaboldi,6-4 3-6 6-4,1.00,0.0%,4.2%,73.7%,62.9%,40.0%,Juan Manuel Cerundolo,50.3%,43.0%,2.3%,30.6%,59.5%,5/7,2:12
10‑Feb‑2020,Clay,Q2,Pedro Martinez,7-5 6-0,0.72,0.0%,0.0%,64.7%,48.5%,38.9%,Juan Manuel Cerundolo,42.1%,39.7%,3.2%,41.8%,25.0%,2/7,1:24
10‑Feb‑2020,Clay,Q1,Gianluca Mager,3-6 6-0 6-1,1.45,1.8%,0.0%,76.8%,65.1%,61.5%,Juan Manuel Cerundolo,57.8%,51.7%,6.7%,42.9%,72.2%,7/8,1:13
27‑Jan‑2020,Clay,R32,Pedro Sousa,6-4 6-2,0.64,5.5%,5.5%,78.2%,53.5%,41.7%,Juan Manuel Cerundolo,41.5%,31.4%,5.9%,12.9%,60.0%,1/4,1:05
27‑Jan‑2020,Clay,R64,Facundo Diaz Acosta,6-4 6-4,1.04,1.4%,0.0%,75.3%,72.7%,33.3%,Juan Manuel Cerundolo,52.8%,38.5%,7.7%,22.2%,56.0%,3/4,1:27
6‑Jan‑2020,Hard,R64,Patrick Kypson,7-6(4) 5-7 7-5,1.04,5.2%,1.7%,57.8%,74.6%,61.2%,Juan Manuel Cerundolo,50.0%,32.3%,9.7%,25.9%,44.2%,2/13,2:38
4‑Nov‑2019,Clay,SF,Federico Delbonis,6-2 7-6(4),0.81,0.0%,0.0%,78.8%,55.8%,57.1%,Juan Manuel Cerundolo,45.3%,35.6%,2.7%,25.6%,47.1%,2/8,1:41
4‑Nov‑2019,Clay,QF,Facundo Bagnis,7-6(2) 7-6(6),1.12,0.0%,2.4%,82.4%,55.7%,40.0%,Juan Manuel Cerundolo,52.8%,52.7%,0.0%,41.8%,69.4%,6/10,2:09
4‑Nov‑2019,Clay,R16,Pablo Cuevas,6-3 7-6(6),1.24,2.7%,0.0%,75.3%,65.5%,61.1%,Juan Manuel Cerundolo,53.9%,44.3%,2.5%,38.3%,53.1%,3/8,1:40
4‑Nov‑2019,Clay,R32,Joao Menezes,7-6(4) 7-5,1.09,0.0%,3.5%,65.9%,67.9%,55.2%,Juan Manuel Cerundolo,52.1%,39.7%,2.6%,40.7%,36.8%,3/6,1:43
4‑Nov‑2019,Clay,R64,Francisco Llanes,6-2 6-3,1.57,0.0%,2.3%,72.1%,61.3%,58.3%,Juan Manuel Cerundolo,61.3%,62.0%,0.0%,59.0%,72.7%,7/8,1:11
23‑Sep‑2019,Clay,R64,Nicolas Alvarez,6-3 6-0,0.62,1.7%,0.0%,58.6%,50.0%,45.8%,Juan Manuel Cerundolo,40.7%,32.0%,10.0%,25.7%,46.7%,0/0,1:10
