Date,Surface,Rd,Opponent,Score,DR,A%,DF%,1stIn,1st%,2nd%,Player,Ret_TPW,Ret_RPW,Ret_vA%,Ret_v1st%,Ret_v2nd%,Ret_BPCnv,Ret_Time
12‑May‑2025,Clay,R32,Hady Habib,6-3 6-2,0.65,1.8%,1.8%,64.3%,66.7%,30.0%,Nicolas Moreno De Alboran,42.0%,30.4%,5.4%,22.9%,42.9%,0/4,1:21
7‑May‑2025,Clay,R128,Aleksandar Vukic,7-6(2) 6-2,0.77,5.0%,0.0%,76.7%,63.0%,64.3%,Nicolas Moreno De Alboran,45.2%,28.1%,9.4%,23.7%,34.6%,1/4,1:31
7‑May‑2025,Clay,Q2,Giulio Zeppieri,6-4 3-6 6-1,1.44,6.2%,4.6%,72.3%,72.3%,55.6%,Nicolas Moreno De Alboran,55.7%,46.4%,7.1%,40.4%,56.3%,5/13,1:44
7‑May‑2025,Clay,Q1,Raphael Collignon,6-4 6-4,1.27,4.5%,0.0%,74.6%,64.0%,58.8%,Nicolas Moreno De Alboran,55.7%,47.3%,7.3%,41.7%,57.9%,4/6,1:30
27‑Apr‑2025,Clay,R32,Aleksandar Vukic,6-3 2-6 6-0,0.96,3.3%,4.9%,67.2%,65.9%,45.0%,Nicolas Moreno De Alboran,46.9%,39.4%,7.1%,26.1%,50.9%,2/9,1:47
23‑Apr‑2025,Clay,Q1,Gabriel Diallo,6-3 6-3,0.64,1.8%,3.6%,67.3%,59.5%,61.1%,Nicolas Moreno De Alboran,43.4%,25.5%,17.6%,25.7%,25.0%,0/1,1:10
11‑Nov‑2024,Hard,R32,Constant Lestienne,6-3 6-2,0.73,3.3%,9.8%,44.3%,59.3%,38.2%,Nicolas Moreno De Alboran,43.4%,38.5%,5.8%,27.3%,46.7%,2/4,1:20
4‑Nov‑2024,Hard,F,Alex Bolt,7-6(4) 6-2,1.53,19.0%,0.0%,76.2%,77.1%,66.7%,Nicolas Moreno De Alboran,57.4%,39.0%,3.4%,37.1%,41.7%,3/5,1:26
4‑Nov‑2024,Hard,SF,Alexander Blockx,7-6(5) 6-2,0.98,5.7%,4.5%,65.9%,67.2%,50.0%,Nicolas Moreno De Alboran,51.7%,37.7%,3.3%,24.2%,53.6%,3/5,1:57
4‑Nov‑2024,Hard,QF,Federico Cina,6-3 6-4,1.19,5.6%,6.9%,72.2%,75.0%,40.0%,Nicolas Moreno De Alboran,55.9%,41.3%,0.0%,32.1%,55.6%,3/3,1:24
4‑Nov‑2024,Hard,R16,James Mccabe,6-4 6-3,1.48,5.9%,3.9%,54.9%,78.6%,56.5%,Nicolas Moreno De Alboran,56.9%,46.6%,8.6%,39.4%,56.0%,4/6,1:14
4‑Nov‑2024,Hard,R32,Tristan Schoolkate,6-4 7-5,1.42,13.8%,3.1%,70.8%,73.9%,57.9%,Nicolas Moreno De Alboran,54.6%,43.7%,9.2%,29.5%,58.1%,3/10,1:39
28‑Oct‑2024,Hard,QF,Jurij Rodionov,6-7(3) 6-3 6-4,0.94,8.8%,6.9%,58.8%,76.7%,52.4%,Nicolas Moreno De Alboran,48.8%,31.4%,8.6%,17.9%,46.9%,0/2,2:32
28‑Oct‑2024,Hard,R16,Alexander Blockx,7-6(7) 6-1,1.46,3.0%,6.0%,53.7%,80.6%,64.5%,Nicolas Moreno De Alboran,55.9%,39.1%,2.9%,35.9%,43.3%,2/8,1:34
28‑Oct‑2024,Hard,R32,Elias Ymer,7-6(4) 6-7(5) 6-4,1.11,7.2%,6.4%,52.0%,78.5%,51.7%,Nicolas Moreno De Alboran,52.2%,38.3%,9.2%,20.3%,67.4%,3/10,3:04
7‑Oct‑2024,Clay,SF,Jaime Faria,4-6 6-3 7-6(2),0.95,2.9%,3.9%,69.6%,66.2%,54.8%,Nicolas Moreno De Alboran,48.8%,35.2%,6.7%,24.2%,51.2%,3/6,2:41
7‑Oct‑2024,Clay,QF,Thiago Agustin Tirante,6-7(0) 6-4 6-2,1.23,4.3%,3.3%,66.3%,75.4%,64.5%,Nicolas Moreno De Alboran,52.9%,34.7%,2.1%,33.3%,41.2%,3/9,2:34
7‑Oct‑2024,Clay,R16,Javier Barranco Cosano,3-6 6-2 6-4,1.25,2.4%,1.2%,65.9%,74.1%,50.0%,Nicolas Moreno De Alboran,53.0%,42.7%,0.0%,44.4%,36.4%,3/9,2:40
7‑Oct‑2024,Clay,R32,Adrian Andreev,6-4 6-2,1.59,2.1%,2.1%,70.2%,66.7%,71.4%,Nicolas Moreno De Alboran,58.7%,50.9%,1.8%,53.7%,43.8%,5/10,1:28
30‑Sep‑2024,Hard,F,Kamil Majchrzak,6-4 6-2,0.60,9.3%,3.7%,75.9%,61.0%,30.8%,Nicolas Moreno De Alboran,40.7%,27.8%,9.3%,16.7%,50.0%,0/3,1:16
30‑Sep‑2024,Hard,SF,Jerome Kym,3-6 6-1 6-2,1.14,9.3%,4.0%,77.3%,74.1%,47.1%,Nicolas Moreno De Alboran,53.6%,36.5%,4.8%,38.5%,33.3%,4/7,1:36
30‑Sep‑2024,Hard,QF,Constant Lestienne,6-4 6-4,1.27,13.3%,0.0%,70.0%,73.8%,61.1%,Nicolas Moreno De Alboran,52.7%,38.0%,1.4%,25.0%,51.4%,2/7,1:35
30‑Sep‑2024,Hard,R16,Jules Marie,6-7(0) 6-2 6-0,1.54,18.7%,5.3%,65.3%,81.6%,53.8%,Nicolas Moreno De Alboran,55.4%,43.0%,9.0%,36.1%,53.8%,5/14,1:50
30‑Sep‑2024,Hard,R32,Cezar Cretu,6-2 6-2,1.70,9.1%,7.3%,61.8%,73.5%,57.1%,Nicolas Moreno De Alboran,61.7%,55.8%,5.8%,50.0%,62.5%,5/11,1:20
16‑Sep‑2024,Clay,SF,Jaume Munar,5-7 7-6(10) 6-1,1.05,5.5%,1.1%,69.2%,66.7%,64.3%,Nicolas Moreno De Alboran,48.6%,35.8%,0.0%,33.3%,47.6%,2/8,2:53
16‑Sep‑2024,Clay,QF,Geoffrey Blancaneaux,6-2 6-1,2.19,2.9%,2.9%,70.6%,70.8%,80.0%,Nicolas Moreno De Alboran,63.5%,58.1%,0.0%,41.9%,74.2%,6/11,1:16
16‑Sep‑2024,Clay,R16,Henri Squire,6-3 6-4,1.46,9.4%,7.8%,62.5%,80.0%,58.3%,Nicolas Moreno De Alboran,56.8%,41.0%,3.3%,35.9%,50.0%,2/10,1:29
16‑Sep‑2024,Clay,R32,Federico Arnaboldi,6-1 6-3,2.19,7.0%,2.3%,60.5%,80.8%,70.6%,Nicolas Moreno De Alboran,62.8%,51.0%,3.9%,40.7%,62.5%,4/6,1:03
9‑Sep‑2024,Clay,R32,Vit Kopriva,2-6 7-5 6-1,0.82,2.7%,1.4%,77.0%,70.2%,58.8%,Nicolas Moreno De Alboran,47.9%,26.5%,2.9%,26.7%,26.1%,2/2,1:57
26‑Aug‑2024,Hard,Q1,Leandro Riedi,6-1 6-3,0.58,2.6%,13.2%,55.3%,57.1%,23.5%,Nicolas Moreno De Alboran,37.2%,33.3%,8.3%,28.6%,40.0%,1/1,0:58
12‑Aug‑2024,Hard,R32,David Goffin,6-4 4-6 6-2,0.83,2.1%,6.3%,60.0%,56.1%,55.3%,Nicolas Moreno De Alboran,46.1%,36.7%,4.1%,26.4%,48.9%,3/5,2:28
5‑Aug‑2024,Clay,R32,Sandro Kopp,7-6(6) 6-2,0.74,3.1%,12.3%,63.1%,68.3%,41.7%,Nicolas Moreno De Alboran,44.6%,30.8%,0.0%,35.1%,25.0%,1/2,1:48
29‑Jul‑2024,Clay,SF,Elmer Moller,6-1 4-6 7-6(6),0.90,2.1%,6.3%,57.9%,63.6%,32.5%,Nicolas Moreno De Alboran,47.3%,44.6%,1.8%,36.5%,55.1%,6/19,2:36
29‑Jul‑2024,Clay,QF,Geoffrey Blancaneaux,6-4 6-4,1.06,3.4%,4.6%,57.5%,66.0%,45.9%,Nicolas Moreno De Alboran,52.4%,45.0%,1.7%,41.2%,50.0%,4/9,2:05
29‑Jul‑2024,Clay,R16,Santiago Fa Rodriguez Taverna,7-6(6) 7-6(5),1.03,3.1%,6.3%,61.5%,72.9%,35.1%,Nicolas Moreno De Alboran,50.3%,42.7%,1.9%,34.4%,54.8%,3/11,2:34
29‑Jul‑2024,Clay,R32,Carlos Taberner,7-6(7) 6-3,1.07,9.3%,1.3%,58.7%,79.5%,51.6%,Nicolas Moreno De Alboran,52.1%,34.3%,4.5%,28.6%,44.0%,2/4,2:06
22‑Jul‑2024,Clay,QF,Matteo Berrettini,7-6(5) 6-3,0.64,2.7%,4.0%,61.3%,71.7%,55.2%,Nicolas Moreno De Alboran,44.8%,22.1%,10.3%,10.6%,47.6%,0/3,1:51
22‑Jul‑2024,Clay,R16,Lukas Neumayer,6-4 6-4,2.03,2.0%,4.1%,61.2%,86.7%,73.7%,Nicolas Moreno De Alboran,57.4%,37.3%,1.7%,34.1%,44.4%,2/4,1:24
22‑Jul‑2024,Clay,R32,Andrea Collarini,6-4 6-4,1.69,5.9%,2.0%,49.0%,80.0%,69.2%,Nicolas Moreno De Alboran,56.9%,43.1%,0.0%,38.1%,52.2%,3/5,1:27
15‑Jul‑2024,Clay,R32,Yannick Hanfmann,7-6(2) 6-7(2) 6-4,0.83,8.2%,0.0%,65.5%,75.0%,63.2%,Nicolas Moreno De Alboran,48.6%,24.0%,9.0%,13.7%,51.9%,0/2,2:36
15‑Jul‑2024,Clay,Q2,Quentin Halys,7-5 6-3,0.73,9.8%,9.8%,60.7%,75.7%,50.0%,Nicolas Moreno De Alboran,44.2%,25.0%,10.3%,20.0%,32.1%,0/4,1:25
8‑Jul‑2024,Clay,R32,Gabi Adrian Boitan,7-6(5) 3-6 6-4,1.00,10.2%,2.8%,65.7%,71.8%,59.5%,Nicolas Moreno De Alboran,50.7%,32.3%,4.0%,26.9%,43.8%,2/6,2:41
1‑Jul‑2024,Clay,SF,Dmitry Popko,6-7(2) 6-2 6-2,0.86,8.3%,4.2%,61.5%,64.4%,35.1%,Nicolas Moreno De Alboran,46.4%,40.5%,7.2%,30.4%,50.9%,3/10,2:46
1‑Jul‑2024,Clay,QF,Matej Dodig,6-4 6-4,1.49,11.1%,9.3%,63.0%,88.2%,55.0%,Nicolas Moreno De Alboran,54.2%,35.9%,7.8%,28.9%,46.2%,2/5,1:41
1‑Jul‑2024,Clay,R16,Javier Barranco Cosano,6-3 6-1,1.81,8.9%,0.0%,71.1%,78.1%,61.5%,Nicolas Moreno De Alboran,59.2%,48.3%,3.4%,40.5%,68.8%,4/10,1:19
1‑Jul‑2024,Clay,R32,Ioan Alexandru Chirita,6-2 6-1,1.46,7.1%,12.5%,50.0%,82.1%,42.9%,Nicolas Moreno De Alboran,58.7%,54.7%,0.0%,38.7%,77.3%,5/11,1:21
1‑Jul‑2024,Grass,Q2,James Duckworth,7-6(6) 6-4,0.92,10.8%,1.4%,56.8%,78.6%,59.4%,Nicolas Moreno De Alboran,49.0%,27.4%,16.4%,13.2%,42.9%,0/0,1:33
1‑Jul‑2024,Grass,Q1,Benoit Paire,6-4 6-1,1.62,17.6%,7.8%,70.6%,86.1%,33.3%,Nicolas Moreno De Alboran,57.9%,47.6%,11.1%,33.3%,66.7%,4/10,1:06
10‑Jun‑2024,Grass,Q1,Gijs Brouwer,6-3 6-7(6) 6-1,0.65,12.7%,7.6%,54.4%,76.7%,61.1%,Nicolas Moreno De Alboran,44.4%,19.8%,2.5%,17.2%,26.1%,0/0,1:40
3‑Jun‑2024,Clay,R32,Rodrigo Pacheco Mendez,6-4 6-3,0.87,2.0%,0.0%,54.9%,46.4%,65.2%,Nicolas Moreno De Alboran,45.9%,39.4%,5.6%,35.8%,50.0%,2/5,1:46
20‑May‑2024,Clay,R16,Tomas Machac,4-6 7-5 6-0,0.74,14.8%,2.5%,59.3%,70.8%,42.4%,Nicolas Moreno De Alboran,44.3%,30.2%,11.6%,23.0%,48.0%,1/4,1:56
20‑May‑2024,Clay,R32,David Goffin,6-2 6-1,1.85,9.6%,1.9%,61.5%,75.0%,65.0%,Nicolas Moreno De Alboran,62.9%,53.3%,6.7%,29.4%,67.9%,4/5,1:08
20‑May‑2024,Clay,Q2,Juan Pablo Ficovich,6-4 7-6(6),1.25,2.7%,5.3%,58.7%,81.8%,51.6%,Nicolas Moreno De Alboran,53.2%,38.3%,3.7%,32.1%,52.0%,2/7,1:56
20‑May‑2024,Clay,Q1,Thai Son Kwiatkowski,4-6 6-3 7-6(4),1.04,5.3%,3.2%,60.0%,73.7%,57.9%,Nicolas Moreno De Alboran,51.1%,34.1%,6.6%,26.2%,50.0%,3/9,2:12
6‑May‑2024,Clay,R128,Botic Van De Zandschulp,7-5 6-7(5) 7-6(4),0.98,4.1%,0.8%,58.7%,70.4%,60.0%,Nicolas Moreno De Alboran,49.0%,33.3%,3.0%,28.7%,42.2%,1/8,3:18
6‑May‑2024,Clay,Q2,Vit Kopriva,6-4 3-6 6-3,1.10,2.1%,4.1%,61.9%,73.3%,45.9%,Nicolas Moreno De Alboran,51.2%,40.7%,1.9%,32.3%,53.5%,3/11,2:42
6‑May‑2024,Clay,Q1,Juan Pablo Varillas,6-4 7-5,1.38,3.3%,0.0%,63.9%,74.4%,59.1%,Nicolas Moreno De Alboran,55.6%,42.9%,3.2%,40.5%,46.2%,4/9,1:38
22‑Apr‑2024,Clay,QF,Vilius Gaubas,6-3 6-4,0.70,4.8%,0.0%,66.1%,73.2%,42.9%,Nicolas Moreno De Alboran,45.0%,25.9%,6.9%,17.5%,44.4%,0/1,1:26
22‑Apr‑2024,Clay,R16,Franco Agamenone,4-6 6-3 6-1,1.32,5.0%,2.5%,72.5%,75.9%,40.9%,Nicolas Moreno De Alboran,55.3%,44.4%,1.2%,40.0%,62.5%,5/12,2:03
22‑Apr‑2024,Clay,R32,Edoardo Lavagno,7-6(1) 6-3,1.39,10.1%,2.9%,66.7%,76.1%,60.9%,Nicolas Moreno De Alboran,55.3%,40.3%,2.8%,35.4%,50.0%,2/6,1:34
15‑Apr‑2024,Clay,R32,Samuel Vincent Ruggeri,7-5 7-5,0.86,7.8%,2.6%,67.5%,51.9%,52.0%,Nicolas Moreno De Alboran,46.5%,41.5%,3.7%,30.2%,53.8%,3/8,2:10
8‑Apr‑2024,Clay,R32,Mikhail Kukushkin,6-4 6-4,0.69,5.6%,4.2%,54.2%,64.1%,39.4%,Nicolas Moreno De Alboran,43.6%,32.8%,3.3%,34.0%,28.6%,2/10,1:37
1‑Apr‑2024,Clay,QF,Roberto Carballes Baena,6-4 4-6 6-4,0.72,7.9%,3.0%,70.3%,67.6%,50.0%,Nicolas Moreno De Alboran,46.7%,27.2%,1.2%,23.7%,36.4%,1/1,2:31
1‑Apr‑2024,Clay,R16,David Goffin,6-3 6-4,1.44,8.2%,0.0%,67.2%,80.5%,55.0%,Nicolas Moreno De Alboran,56.2%,40.0%,3.3%,29.4%,53.8%,2/7,1:33
1‑Apr‑2024,Clay,R32,Facundo Diaz Acosta,6-4 3-6 6-3,1.02,4.5%,2.3%,63.6%,78.6%,50.0%,Nicolas Moreno De Alboran,51.2%,32.5%,5.0%,32.0%,33.3%,2/7,2:18
1‑Apr‑2024,Clay,Q2,Gregoire Barrere,7-6(6) 7-6(5),1.30,6.9%,1.4%,72.2%,80.8%,65.0%,Nicolas Moreno De Alboran,51.6%,30.6%,0.0%,26.8%,37.9%,1/4,1:54
1‑Apr‑2024,Clay,Q1,Dimitar Kuzmanov,6-3 6-7(9) 6-2,1.16,11.3%,0.9%,70.4%,70.4%,52.9%,Nicolas Moreno De Alboran,53.7%,40.4%,2.0%,37.7%,46.7%,4/10,2:59
25‑Mar‑2024,Clay,R16,Cristian Garin,7-6(3) 6-2,0.92,1.5%,0.0%,69.1%,63.8%,47.6%,Nicolas Moreno De Alboran,47.1%,37.9%,3.4%,31.7%,54.2%,1/11,2:13
25‑Mar‑2024,Clay,R32,Abedallah Shelbayh,4-6 6-3 6-4,1.11,4.0%,5.9%,68.3%,75.4%,43.8%,Nicolas Moreno De Alboran,52.3%,38.5%,3.1%,38.1%,39.4%,3/10,2:23
11‑Mar‑2024,Hard,Q2,Cristian Garin,6-4 6-4,0.78,1.7%,1.7%,61.0%,61.1%,30.4%,Nicolas Moreno De Alboran,44.1%,39.7%,1.5%,35.7%,46.2%,3/12,1:38
11‑Mar‑2024,Hard,Q1,Hugo Grenier,2-6 6-1 6-4,1.12,6.5%,5.2%,58.4%,64.4%,43.8%,Nicolas Moreno De Alboran,52.7%,49.3%,10.1%,39.4%,58.3%,5/9,1:54
4‑Mar‑2024,Hard,R128,Lukas Klein,7-6(8) 6-4,0.79,5.1%,3.8%,64.6%,70.6%,53.6%,Nicolas Moreno De Alboran,46.8%,28.0%,8.0%,9.8%,50.0%,1/5,1:45
4‑Mar‑2024,Hard,Q2,Jurij Rodionov,6-3 4-6 6-3,1.58,9.1%,1.3%,66.2%,84.3%,57.7%,Nicolas Moreno De Alboran,55.2%,38.9%,3.2%,31.5%,48.8%,3/11,2:02
4‑Mar‑2024,Hard,Q1,Felipe Meligeni Alves,6-3 6-1,3.17,13.2%,0.0%,78.9%,86.7%,75.0%,Nicolas Moreno De Alboran,64.8%,50.0%,4.0%,33.3%,69.6%,4/5,0:59
19‑Feb‑2024,Hard,Q1,Marc Polmans,6-3 6-2,0.48,0.0%,1.8%,66.1%,59.5%,47.4%,Nicolas Moreno De Alboran,39.8%,21.3%,14.9%,16.7%,36.4%,0/1,1:16
12‑Feb‑2024,Hard,R16,Jordan Thompson,6-2 6-2,0.62,6.1%,4.5%,60.6%,52.5%,50.0%,Nicolas Moreno De Alboran,42.0%,30.2%,11.3%,24.1%,37.5%,0/4,1:41
12‑Feb‑2024,Hard,R32,Aleksandar Kovacevic,6-2 7-6(3),1.61,7.9%,3.2%,61.9%,84.6%,62.5%,Nicolas Moreno De Alboran,57.7%,38.3%,8.3%,18.2%,63.0%,2/2,1:32
12‑Feb‑2024,Hard,Q2,Flavio Cobolli,5-7 6-2 6-3,1.26,3.2%,1.1%,66.7%,66.1%,67.7%,Nicolas Moreno De Alboran,53.9%,41.8%,3.1%,28.8%,56.5%,5/10,2:15
12‑Feb‑2024,Hard,Q1,Sho Shimabukuro,7-6(2) 6-7(4) 7-6(2),1.32,7.6%,2.9%,66.7%,77.1%,65.7%,Nicolas Moreno De Alboran,51.9%,35.3%,5.9%,26.2%,48.2%,2/11,3:05
5‑Feb‑2024,Hard,R32,Marcos Giron,6-1 6-4,0.50,12.8%,4.3%,53.2%,68.0%,40.9%,Nicolas Moreno De Alboran,38.5%,22.4%,10.2%,9.7%,44.4%,0/3,1:03
5‑Feb‑2024,Hard,Q2,Denis Kudla,6-4 6-7(4) 6-4,1.37,13.8%,1.1%,65.5%,80.7%,63.3%,Nicolas Moreno De Alboran,53.8%,34.7%,9.5%,21.3%,58.8%,4/6,2:13
5‑Feb‑2024,Hard,Q1,Trevor Svajda,6-3 7-6(2),1.59,14.7%,1.5%,63.2%,88.4%,56.0%,Nicolas Moreno De Alboran,55.9%,37.3%,12.0%,28.0%,56.0%,1/4,1:37
15‑Jan‑2024,Hard,QF,Giovanni Fonio,6-4 6-4,0.25,6.5%,4.8%,58.1%,69.4%,53.8%,Nicolas Moreno De Alboran,40.6%,9.1%,13.6%,3.4%,20.0%,0/0,1:23
15‑Jan‑2024,Hard,R16,Tennys Sandgren,6-7(10) 7-5 7-6(2),1.33,13.7%,0.0%,65.7%,88.1%,74.3%,Nicolas Moreno De Alboran,52.4%,22.1%,15.4%,13.6%,33.3%,1/1,2:45
15‑Jan‑2024,Hard,R32,Francesco Passaro,6-3 7-6(4),1.56,10.2%,1.7%,74.6%,77.3%,66.7%,Nicolas Moreno De Alboran,53.7%,39.8%,3.4%,38.1%,44.0%,3/10,1:37
15‑Jan‑2024,Hard,Q2,Yan Bai,7-6(4) 2-6 6-2,0.89,4.4%,4.4%,67.4%,63.7%,43.2%,Nicolas Moreno De Alboran,48.4%,38.3%,5.2%,37.3%,40.0%,3/13,3:17
15‑Jan‑2024,Hard,Q1,Shintaro Mochizuki,3-6 6-0 6-2,0.77,8.3%,12.5%,63.9%,60.9%,30.8%,Nicolas Moreno De Alboran,44.5%,38.5%,7.7%,34.4%,42.4%,3/3,1:38
15‑Jan‑2024,Hard,Q1,Olukayode Alafia Damina Ayeni,7-6(5) 3-6 7-6(6),1.22,2.1%,4.2%,64.6%,85.5%,52.9%,Nicolas Moreno De Alboran,50.5%,31.7%,8.3%,24.3%,43.5%,1/6,2:45
1‑Jan‑2024,Hard,R16,Gijs Brouwer,5-7 7-5 6-2,0.86,6.9%,5.9%,61.8%,65.1%,43.6%,Nicolas Moreno De Alboran,47.4%,37.2%,7.4%,31.3%,50.0%,3/6,2:21
1‑Jan‑2024,Hard,R32,Calvin Hemery,7-5 6-7(4) 6-4,1.34,6.0%,5.0%,66.0%,81.8%,55.9%,Nicolas Moreno De Alboran,53.5%,36.3%,3.5%,28.9%,51.4%,3/11,2:37
20‑Nov‑2023,Hard,R16,Santiago Fa Rodriguez Taverna,3-6 6-4 7-6(5),0.91,13.6%,8.7%,60.2%,80.6%,51.2%,Nicolas Moreno De Alboran,50.3%,28.4%,10.2%,24.0%,34.2%,2/3,2:23
20‑Nov‑2023,Hard,R32,Matheus Pucinelli De Almeida,6-3 6-3,1.47,3.9%,5.9%,64.7%,84.8%,55.6%,Nicolas Moreno De Alboran,56.6%,37.5%,8.3%,31.3%,50.0%,3/5,1:16
6‑Nov‑2023,Hard,R32,Jurij Rodionov,7-6(4) 6-7(4) 6-4,0.99,9.2%,0.8%,69.2%,78.3%,51.4%,Nicolas Moreno De Alboran,50.0%,29.7%,8.5%,19.2%,50.0%,0/2,2:55
6‑Nov‑2023,Hard,Q2,Billy Harris,6-2 6-1,0.23,3.5%,0.0%,64.9%,56.8%,25.0%,Nicolas Moreno De Alboran,33.7%,12.5%,6.3%,9.5%,18.2%,0/0,1:01
6‑Nov‑2023,Hard,Q1,Alexander Donski,6-3 6-4,3.32,8.7%,0.0%,65.2%,83.3%,93.8%,Nicolas Moreno De Alboran,61.1%,43.3%,6.0%,31.6%,58.6%,2/9,1:11
30‑Oct‑2023,Hard,R32,Francesco Passaro,7-6(3) 6-3,0.81,6.7%,6.7%,55.0%,72.7%,59.3%,Nicolas Moreno De Alboran,45.7%,26.9%,10.4%,17.4%,47.6%,0/2,1:27
23‑Oct‑2023,Hard,Q1,Maxime Janvier,6-3 6-1,0.52,3.4%,1.7%,66.1%,64.1%,20.0%,Nicolas Moreno De Alboran,38.9%,26.5%,10.2%,22.9%,35.7%,0/2,1:06
9‑Oct‑2023,Hard,R32,Learner Tien,6-2 6-7(9) 6-4,0.79,3.5%,3.5%,66.1%,61.8%,41.0%,Nicolas Moreno De Alboran,45.7%,35.6%,1.9%,28.0%,55.2%,3/7,2:30
2‑Oct‑2023,Hard,R32,Alexander Ritschard,6-2 7-5,0.75,4.0%,8.0%,64.0%,58.3%,40.7%,Nicolas Moreno De Alboran,44.9%,36.1%,9.8%,25.7%,50.0%,2/3,1:29
28‑Aug‑2023,Hard,R128,Lorenzo Sonego,6-3 6-4 6-2,0.65,8.6%,8.6%,66.7%,58.1%,32.3%,Nicolas Moreno De Alboran,41.7%,32.9%,6.1%,23.9%,44.4%,2/3,2:19
28‑Aug‑2023,Hard,Q3,Joris De Loore,3-6 7-6(3) 7-6(12),0.75,6.0%,6.0%,71.8%,77.4%,51.5%,Nicolas Moreno De Alboran,47.9%,22.5%,16.7%,14.0%,33.3%,0/0,3:07
28‑Aug‑2023,Hard,Q2,Aziz Dougaz,7-6(5) 6-4,1.54,15.2%,1.5%,72.7%,85.4%,55.6%,Nicolas Moreno De Alboran,54.1%,35.0%,2.5%,27.1%,46.9%,1/6,1:48
28‑Aug‑2023,Hard,Q1,Elias Ymer,6-4 6-2,1.46,3.5%,5.3%,59.6%,79.4%,52.2%,Nicolas Moreno De Alboran,57.8%,46.2%,5.8%,53.3%,36.4%,4/4,1:30
14‑Aug‑2023,Hard,R16,Yosuke Watanuki,7-5 6-3,0.67,11.7%,6.7%,61.7%,67.6%,52.2%,Nicolas Moreno De Alboran,43.4%,25.8%,25.8%,9.4%,43.3%,0/2,1:23
14‑Aug‑2023,Hard,R32,Nick Chappell,3-6 6-3 6-4,1.05,4.4%,5.5%,67.0%,70.5%,50.0%,Nicolas Moreno De Alboran,51.4%,38.1%,6.0%,30.9%,51.7%,3/7,2:04
7‑Aug‑2023,Hard,F,Adam Walton,6-4 3-6 7-5,1.07,17.0%,8.0%,59.0%,78.0%,41.5%,Nicolas Moreno De Alboran,50.5%,39.7%,4.3%,35.1%,44.1%,3/13,2:59
7‑Aug‑2023,Hard,SF,Patrick Kypson,6-7(10) 6-3 6-1,1.28,16.9%,6.7%,65.2%,86.2%,48.4%,Nicolas Moreno De Alboran,53.6%,34.4%,11.1%,19.2%,55.3%,4/7,2:28
7‑Aug‑2023,Hard,QF,Ryan Peniston,6-3 6-4,1.24,1.4%,2.9%,65.2%,80.0%,54.2%,Nicolas Moreno De Alboran,56.3%,36.0%,8.0%,8.3%,61.5%,2/3,1:33
7‑Aug‑2023,Hard,R16,Stefan Dostanic,6-2 7-6(5),1.67,12.7%,7.3%,60.0%,78.8%,63.6%,Nicolas Moreno De Alboran,56.8%,45.5%,5.2%,31.0%,62.9%,3/8,1:31
7‑Aug‑2023,Hard,R32,Quinn Vandecasteele,6-3 7-5,1.19,3.0%,3.0%,68.2%,75.6%,47.6%,Nicolas Moreno De Alboran,53.0%,39.7%,4.4%,36.8%,43.3%,4/10,1:36
24‑Jul‑2023,Hard,SF,Pablo Llamas Ruiz,6-7(5) 6-1 7-6(3),0.95,10.3%,5.2%,63.9%,72.6%,54.3%,Nicolas Moreno De Alboran,48.3%,32.4%,3.7%,29.2%,37.2%,2/13,2:49
24‑Jul‑2023,Hard,QF,Fernando Verdasco,6-3 6-2,2.30,13.3%,2.2%,57.8%,88.5%,63.2%,Nicolas Moreno De Alboran,60.3%,51.2%,4.7%,38.9%,71.9%,4/17,1:30
24‑Jul‑2023,Hard,R16,Cem Ilkel,6-4 6-2,1.65,28.0%,10.0%,60.0%,83.3%,55.0%,Nicolas Moreno De Alboran,58.8%,46.2%,7.7%,27.6%,69.6%,4/5,1:11
24‑Jul‑2023,Hard,R32,Alejandro Moro Canas,6-4 6-2,1.78,6.1%,0.0%,81.6%,77.5%,77.8%,Nicolas Moreno De Alboran,56.9%,40.0%,6.7%,35.1%,47.8%,3/5,1:22
17‑Jul‑2023,Hard,R32,Daniel Cukierman,6-4 7-6(6),1.27,6.1%,9.1%,62.1%,85.4%,48.0%,Nicolas Moreno De Alboran,50.6%,36.5%,0.0%,29.9%,51.7%,0/4,1:53
3‑Jul‑2023,Grass,Q1,Norbert Gombos,6-2 2-6 6-4,0.89,11.9%,4.5%,59.7%,72.5%,51.9%,Nicolas Moreno De Alboran,48.1%,31.8%,4.5%,32.6%,30.0%,2/2,1:21
12‑Jun‑2023,Hard,R32,Alex Rybakov,7-6(4) 6-3,0.93,6.9%,1.7%,56.9%,72.7%,52.0%,Nicolas Moreno De Alboran,46.4%,33.8%,3.8%,32.8%,36.8%,1/5,1:57
5‑Jun‑2023,Hard,F,Mikhail Kukushkin,6-7(8) 7-6(0) 6-4,1.09,15.3%,6.5%,72.6%,76.7%,55.9%,Nicolas Moreno De Alboran,52.3%,31.5%,4.5%,30.9%,33.3%,2/6,3:09
5‑Jun‑2023,Hard,SF,Peter Gojowczyk,6-1 6-2,2.10,38.1%,4.8%,76.2%,84.4%,50.0%,Nicolas Moreno De Alboran,63.4%,50.0%,0.0%,22.7%,83.3%,4/5,0:47
5‑Jun‑2023,Hard,QF,Tennys Sandgren,7-5 4-6 6-3,0.82,15.2%,5.4%,64.3%,73.6%,50.0%,Nicolas Moreno De Alboran,49.7%,28.4%,17.3%,19.2%,44.8%,2/6,2:23
5‑Jun‑2023,Hard,R16,Thai Son Kwiatkowski,6-4 6-2,1.33,9.3%,1.9%,64.8%,71.4%,63.2%,Nicolas Moreno De Alboran,55.8%,42.0%,8.0%,32.4%,62.5%,4/6,1:12
5‑Jun‑2023,Hard,R32,Steven Diez,6-2 6-3,2.12,8.5%,8.5%,70.2%,87.9%,57.1%,Nicolas Moreno De Alboran,61.2%,45.1%,2.0%,40.6%,52.6%,3/5,1:11
29‑May‑2023,Hard,R16,Beibit Zhukayev,6-2 6-7(1) 7-6(5),0.93,6.2%,5.3%,62.8%,76.1%,40.5%,Nicolas Moreno De Alboran,48.3%,34.5%,12.6%,18.8%,52.7%,1/7,3:07
29‑May‑2023,Hard,R32,Marek Gengel,2-6 6-3 6-4,1.22,11.5%,2.6%,65.4%,78.4%,44.4%,Nicolas Moreno De Alboran,52.3%,40.6%,4.2%,29.6%,54.8%,3/8,1:59
15‑May‑2023,Clay,SF,Facundo Diaz Acosta,7-6(9) 6-2,0.96,0.0%,7.7%,56.9%,59.5%,67.9%,Nicolas Moreno De Alboran,47.3%,35.3%,1.2%,30.0%,48.0%,1/9,2:09
15‑May‑2023,Clay,QF,Pedro Cachin,6-1 6-4,1.79,2.0%,3.9%,70.6%,88.9%,40.0%,Nicolas Moreno De Alboran,59.3%,45.6%,5.3%,47.1%,43.5%,3/10,1:20
15‑May‑2023,Clay,R16,Steve Johnson,6-3 6-0,2.03,13.2%,2.6%,60.5%,82.6%,60.0%,Nicolas Moreno De Alboran,61.2%,53.3%,5.0%,48.6%,60.9%,5/12,1:09
15‑May‑2023,Clay,R32,Federico Delbonis,6-2 2-6 6-1,1.27,4.4%,4.4%,57.4%,66.7%,62.1%,Nicolas Moreno De Alboran,55.6%,44.8%,0.0%,36.4%,56.0%,5/8,1:48
8‑May‑2023,Clay,R16,Gianluca Mager,2-6 7-6(9) 6-1,0.92,8.3%,5.2%,70.8%,67.6%,46.4%,Nicolas Moreno De Alboran,48.9%,35.6%,4.4%,23.0%,62.1%,3/4,2:19
8‑May‑2023,Clay,R32,Aziz Dougaz,6-4 6-2,1.13,5.1%,3.4%,55.9%,78.8%,61.5%,Nicolas Moreno De Alboran,54.9%,32.6%,4.7%,26.9%,41.2%,3/6,1:14
24‑Apr‑2023,Clay,R32,Flavio Cobolli,7-6(10) 4-6 7-6(1),0.93,2.4%,1.6%,58.4%,67.1%,53.8%,Nicolas Moreno De Alboran,49.8%,35.8%,3.8%,28.3%,43.4%,5/6,2:47
10‑Apr‑2023,Clay,QF,Francesco Passaro,6-1 7-6(5),1.03,1.8%,1.8%,69.6%,59.0%,76.5%,Nicolas Moreno De Alboran,47.3%,37.0%,1.1%,33.3%,46.2%,0/8,1:54
10‑Apr‑2023,Clay,R16,Martin Landaluce,6-3 7-5,1.62,0.0%,0.0%,64.4%,81.6%,61.9%,Nicolas Moreno De Alboran,57.4%,41.3%,1.6%,32.4%,51.7%,3/6,1:34
10‑Apr‑2023,Clay,R32,Daniel Rincon,2-6 7-6(2) 6-4,0.96,5.2%,2.1%,65.6%,63.5%,57.6%,Nicolas Moreno De Alboran,49.2%,37.1%,10.3%,25.5%,52.4%,3/6,2:18
3‑Apr‑2023,Clay,Q2,Elias Ymer,7-6(7) 6-4,1.03,8.2%,3.3%,63.9%,71.8%,50.0%,Nicolas Moreno De Alboran,48.9%,37.2%,0.0%,27.3%,50.0%,2/4,1:42
3‑Apr‑2023,Clay,Q1,Alexey Vatutin,6-3 4-6 6-1,1.15,8.1%,3.5%,69.8%,61.7%,46.2%,Nicolas Moreno De Alboran,53.1%,49.5%,1.1%,48.6%,52.4%,7/11,1:59
27‑Mar‑2023,Clay,R16,Antoine Bellier,6-4 5-7 6-4,0.80,4.5%,6.8%,52.3%,71.7%,54.8%,Nicolas Moreno De Alboran,47.1%,29.3%,11.0%,17.5%,40.5%,2/2,2:03
27‑Mar‑2023,Clay,R32,Facundo Bagnis,6-3 6-4,1.26,4.5%,13.4%,59.7%,80.0%,48.1%,Nicolas Moreno De Alboran,54.6%,41.3%,4.8%,28.0%,50.0%,2/2,1:30
20‑Mar‑2023,Hard,Q1,Roman Safiullin,4-6 6-3 6-2,0.95,10.8%,4.1%,60.8%,71.1%,37.9%,Nicolas Moreno De Alboran,48.1%,39.8%,2.3%,31.6%,54.8%,3/7,1:53
20‑Feb‑2023,Hard,R16,Hamad Medjedovic,6-3 5-7 6-4,0.88,11.6%,5.8%,69.8%,68.3%,65.4%,Nicolas Moreno De Alboran,47.2%,28.7%,8.5%,21.7%,41.2%,2/8,2:08
20‑Feb‑2023,Hard,R32,Dalibor Svrcina,7-5 6-2,1.30,3.3%,6.7%,65.0%,59.0%,47.6%,Nicolas Moreno De Alboran,56.9%,58.4%,1.3%,43.6%,73.7%,7/17,1:39
13‑Feb‑2023,Hard,F,Max Purcell,5-7 7-6(2) 6-4,0.92,7.4%,5.7%,63.9%,65.4%,56.8%,Nicolas Moreno De Alboran,48.9%,34.8%,6.1%,25.0%,57.1%,3/14,3:07
13‑Feb‑2023,Hard,SF,Sumit Nagal,6-4 6-2,1.41,10.3%,5.2%,70.7%,75.6%,29.4%,Nicolas Moreno De Alboran,57.9%,53.6%,1.8%,47.4%,66.7%,5/10,1:39
13‑Feb‑2023,Hard,QF,Yasutaka Uchiyama,6-3 6-4,1.47,5.5%,3.6%,60.0%,75.8%,68.2%,Nicolas Moreno De Alboran,57.1%,40.0%,4.0%,26.3%,48.4%,3/6,1:26
13‑Feb‑2023,Hard,R16,Chun Hsin Tseng,6-2 6-4,1.36,3.4%,8.6%,63.8%,64.9%,52.4%,Nicolas Moreno De Alboran,57.3%,53.8%,1.9%,50.0%,58.3%,5/7,1:29
13‑Feb‑2023,Hard,R32,Frederico Ferreira Silva,6-3 6-2,1.48,13.0%,7.4%,61.1%,78.8%,52.4%,Nicolas Moreno De Alboran,57.1%,46.6%,1.7%,29.6%,61.3%,4/11,1:27
6‑Feb‑2023,Hard,R16,Riccardo Bonadio,6-3 7-6(5),0.63,4.6%,1.5%,64.6%,71.4%,47.8%,Nicolas Moreno De Alboran,44.0%,23.3%,3.3%,18.6%,35.3%,1/3,1:36
6‑Feb‑2023,Hard,R32,Kimmer Coppejans,3-6 6-3 7-5,1.02,3.1%,2.0%,58.2%,61.4%,53.7%,Nicolas Moreno De Alboran,50.5%,42.6%,0.0%,40.6%,48.0%,5/9,2:23
23‑Jan‑2023,Hard,R16,Gregoire Barrere,7-6(5) 6-4,0.82,11.8%,5.9%,75.0%,64.7%,52.9%,Nicolas Moreno De Alboran,46.7%,31.3%,1.5%,25.6%,39.3%,2/5,1:25
23‑Jan‑2023,Hard,R32,Manuel Guinard,7-5 6-2,1.55,10.5%,1.8%,66.7%,71.1%,68.4%,Nicolas Moreno De Alboran,56.2%,46.3%,2.5%,41.3%,52.9%,4/15,1:33
23‑Jan‑2023,Hard,Q2,Antoine Ghibaudo,6-2 6-1,4.27,8.3%,5.6%,75.0%,96.3%,66.7%,Nicolas Moreno De Alboran,67.1%,47.5%,5.0%,42.3%,57.1%,4/6,0:50
23‑Jan‑2023,Hard,Q1,Jonathan Eysseric,6-2 6-2,3.13,20.5%,0.0%,84.6%,84.8%,83.3%,Nicolas Moreno De Alboran,63.2%,48.2%,3.6%,35.3%,68.2%,4/10,0:51
16‑Jan‑2023,Hard,R16,Matteo Gigante,7-6(4) 7-5,0.71,3.4%,3.4%,65.5%,64.9%,46.7%,Nicolas Moreno De Alboran,45.6%,29.6%,8.5%,22.9%,43.5%,3/3,1:54
16‑Jan‑2023,Hard,R32,Radu Albot,6-3 6-4,1.51,16.7%,1.9%,70.4%,81.6%,43.8%,Nicolas Moreno De Alboran,56.3%,44.6%,1.5%,29.3%,70.8%,3/14,1:31
16‑Jan‑2023,Hard,Q1,Timofey Skatov,6-3 6-4,0.47,8.1%,6.5%,64.5%,65.0%,54.5%,Nicolas Moreno De Alboran,42.3%,18.4%,2.0%,11.8%,33.3%,0/0,1:24
26‑Sep‑2022,Clay,R32,Franco Agamenone,6-4 7-5,0.77,1.4%,1.4%,75.0%,55.6%,66.7%,Nicolas Moreno De Alboran,45.4%,31.9%,0.0%,27.1%,42.9%,1/2,1:53
19‑Sep‑2022,Clay,F,Matheus Pucinelli De Almeida,6-2 6-4,1.43,0.0%,3.8%,67.3%,65.7%,64.7%,Nicolas Moreno De Alboran,55.9%,49.3%,1.3%,44.9%,57.7%,5/18,1:46
19‑Sep‑2022,Clay,SF,Timofey Skatov,3-6 7-5 6-2,0.99,4.1%,5.2%,57.7%,57.1%,58.5%,Nicolas Moreno De Alboran,50.6%,42.0%,0.0%,38.1%,55.6%,5/9,2:46
19‑Sep‑2022,Clay,QF,Javier Barranco Cosano,7-6(6) 7-5,1.12,4.5%,5.6%,67.4%,65.0%,48.3%,Nicolas Moreno De Alboran,52.2%,45.2%,3.2%,42.4%,50.0%,4/10,2:27
19‑Sep‑2022,Clay,R16,Alexandre Muller,4-6 6-3 6-4,0.96,3.9%,4.9%,64.7%,69.7%,41.7%,Nicolas Moreno De Alboran,50.5%,38.7%,0.0%,28.8%,57.1%,4/8,2:36
19‑Sep‑2022,Clay,R32,Marco Trungelliti,7-6(1) 6-2,1.33,2.7%,2.7%,68.5%,68.0%,69.6%,Nicolas Moreno De Alboran,56.3%,41.9%,3.2%,42.4%,41.4%,3/4,1:45
19‑Sep‑2022,Clay,Q2,Tristan Lamasine,6-2 6-3,1.41,2.1%,4.3%,59.6%,57.1%,73.7%,Nicolas Moreno De Alboran,56.7%,50.9%,0.0%,38.7%,65.4%,5/10,1:24
19‑Sep‑2022,Clay,Q1,Fabio Coelho,6-1 6-2,1.55,0.0%,1.8%,54.5%,66.7%,56.0%,Nicolas Moreno De Alboran,60.5%,59.3%,0.0%,52.6%,71.4%,6/10,1:24
5‑Sep‑2022,Clay,R32,Federico Delbonis,7-5 6-7(6) DEF,1.03,13.0%,0.0%,68.8%,71.7%,50.0%,Nicolas Moreno De Alboran,49.7%,36.0%,3.5%,27.8%,50.0%,2/6,2:23
5‑Sep‑2022,Clay,Q2,Benjamin Winter Lopez,6-1 6-4,1.51,1.9%,1.9%,71.2%,73.0%,53.3%,Nicolas Moreno De Alboran,57.4%,49.2%,3.2%,43.6%,58.3%,4/8,1:22
29‑Aug‑2022,Clay,R32,Francesco Passaro,7-6(5) 4-6 6-3,1.08,6.0%,2.4%,70.2%,78.0%,44.0%,Nicolas Moreno De Alboran,49.7%,34.7%,5.0%,30.4%,43.8%,3/5,2:21
29‑Aug‑2022,Clay,Q2,Giovanni Fonio,7-6(2) 4-6 6-3,1.16,3.1%,2.1%,59.8%,74.1%,61.5%,Nicolas Moreno De Alboran,52.6%,35.8%,6.3%,28.3%,45.2%,2/7,2:30
29‑Aug‑2022,Clay,Q1,Federico Iannaccone,7-6(2) 7-5,1.12,4.4%,0.0%,70.3%,62.5%,48.1%,Nicolas Moreno De Alboran,52.9%,46.8%,1.3%,34.0%,69.0%,5/9,2:39
22‑Aug‑2022,Clay,QF,Oleksii Krutykh,6-4 3-6 7-6(8),0.94,6.9%,3.4%,62.1%,65.3%,56.8%,Nicolas Moreno De Alboran,50.2%,35.8%,0.0%,32.1%,40.5%,3/6,2:49
22‑Aug‑2022,Clay,R16,Raphael Collignon,7-5 5-7 7-5,1.14,6.5%,6.5%,57.0%,75.4%,50.0%,Nicolas Moreno De Alboran,52.3%,40.4%,1.8%,32.8%,50.0%,5/9,2:45
22‑Aug‑2022,Clay,R32,Alejandro Moro Canas,6-3 3-6 7-5,1.04,1.8%,2.6%,57.9%,65.2%,43.8%,Nicolas Moreno De Alboran,51.2%,45.5%,0.0%,40.3%,53.8%,6/10,3:01
1‑Aug‑2022,Clay,SF,Andrea Vavassori,6-7(5) 6-1 6-4,0.96,3.6%,6.0%,66.7%,66.1%,60.7%,Nicolas Moreno De Alboran,47.4%,34.3%,4.6%,28.2%,45.9%,1/11,2:41
1‑Aug‑2022,Clay,QF,Matteo Arnaldi,7-6(2) 7-5,1.17,2.4%,2.4%,54.9%,66.7%,56.8%,Nicolas Moreno De Alboran,53.0%,44.0%,1.2%,38.8%,51.4%,4/12,2:24
1‑Aug‑2022,Clay,R16,Gianmarco Ferrari,6-1 6-4,1.64,6.0%,2.0%,64.0%,75.0%,72.2%,Nicolas Moreno De Alboran,57.7%,42.6%,1.9%,17.9%,69.2%,3/8,1:14
1‑Aug‑2022,Clay,R32,Giacomo Dambrosi,6-3 6-4,1.52,5.5%,10.9%,70.9%,87.2%,50.0%,Nicolas Moreno De Alboran,56.5%,35.8%,7.5%,29.4%,47.4%,2/2,1:20
1‑Aug‑2022,Clay,Q2,Andrey Chepelev,6-0 6-2,1.93,14.3%,2.4%,66.7%,71.4%,71.4%,Nicolas Moreno De Alboran,62.6%,55.1%,2.0%,51.5%,62.5%,5/12,1:09
1‑Aug‑2022,Clay,Q1,Fausto Tabacco,6-2 6-4,1.52,0.0%,3.2%,66.7%,73.8%,61.9%,Nicolas Moreno De Alboran,57.1%,45.7%,1.4%,26.2%,75.0%,3/15,1:45
27‑Jun‑2022,Grass,Q3,Maximilian Marterer,7-6(2) 7-6(11) 6-3,0.72,5.5%,3.9%,49.6%,68.3%,60.9%,Nicolas Moreno De Alboran,45.6%,25.6%,9.9%,21.4%,35.1%,0/4,2:50
27‑Jun‑2022,Grass,Q2,Arthur Fery,7-6(2) 7-6(3),1.11,11.8%,5.3%,65.8%,80.0%,57.7%,Nicolas Moreno De Alboran,52.0%,30.6%,8.3%,25.0%,37.5%,2/5,1:37
27‑Jun‑2022,Grass,Q1,Manuel Guinard,6-3 6-4,1.17,6.0%,6.0%,64.2%,81.4%,41.7%,Nicolas Moreno De Alboran,53.5%,38.3%,5.0%,30.8%,52.4%,2/7,1:17
13‑Jun‑2022,Clay,R32,Carlos Taberner,7-6(2) 2-6 6-3,1.03,9.5%,2.4%,59.5%,70.0%,58.8%,Nicolas Moreno De Alboran,49.7%,35.5%,2.2%,30.3%,48.1%,3/10,2:28
13‑Jun‑2022,Clay,Q2,Pedro Boscardin Dias,6-2 6-4,2.30,8.5%,0.0%,61.7%,82.8%,77.8%,Nicolas Moreno De Alboran,59.1%,44.1%,8.8%,30.6%,59.4%,3/7,1:21
6‑Jun‑2022,Clay,R32,Dennis Novak,6-1 6-3,0.75,12.2%,4.9%,63.4%,57.7%,40.0%,Nicolas Moreno De Alboran,42.3%,36.5%,0.0%,31.7%,45.5%,0/7,1:12
23‑May‑2022,Clay,R32,Matteo Arnaldi,5-7 6-3 6-1,0.83,3.1%,3.1%,56.3%,53.7%,50.0%,Nicolas Moreno De Alboran,45.8%,39.6%,2.1%,25.9%,57.1%,3/12,2:39
18‑Apr‑2022,Clay,R32,Mitchell Krueger,7-5 6-4,0.86,1.6%,3.3%,52.5%,68.8%,58.6%,Nicolas Moreno De Alboran,46.5%,30.9%,2.9%,22.9%,50.0%,1/8,1:39
11‑Apr‑2022,Clay,R32,Mitchell Krueger,6-3 6-2,0.69,7.1%,5.4%,66.1%,56.8%,52.6%,Nicolas Moreno De Alboran,42.1%,30.8%,3.1%,23.1%,42.3%,0/3,1:33
4‑Apr‑2022,Hard,F,Emilio Gomez,6-7(2) 7-6(4) 7-5,1.04,5.6%,2.4%,72.8%,61.5%,41.2%,Nicolas Moreno De Alboran,50.8%,45.7%,3.1%,32.0%,65.4%,7/13,3:16
4‑Apr‑2022,Hard,SF,Roberto Quiroz,6-7(3) 6-4 6-2,1.09,1.0%,2.0%,61.8%,73.0%,56.4%,Nicolas Moreno De Alboran,51.7%,36.4%,1.0%,34.3%,40.6%,4/13,2:48
4‑Apr‑2022,Hard,QF,Andrea Collarini,6-3 7-6(4),1.32,2.7%,0.0%,62.7%,80.9%,53.6%,Nicolas Moreno De Alboran,53.0%,38.7%,2.2%,32.9%,56.5%,1/13,2:12
4‑Apr‑2022,Hard,R16,Christopher Eubanks,3-6 6-3 6-4,1.45,8.5%,3.7%,67.1%,78.2%,66.7%,Nicolas Moreno De Alboran,53.5%,37.1%,6.7%,33.8%,43.2%,2/16,2:07
4‑Apr‑2022,Hard,R32,Naoki Nakagawa,6-7(4) 6-4 6-4,1.18,1.9%,2.8%,64.2%,72.1%,55.3%,Nicolas Moreno De Alboran,53.7%,40.0%,2.1%,31.0%,54.1%,5/7,2:54
28‑Mar‑2022,Clay,R16,Facundo Mena,6-3 2-6 6-4,0.95,3.7%,6.1%,58.5%,75.0%,32.4%,Nicolas Moreno De Alboran,49.1%,40.7%,11.1%,21.1%,58.1%,4/7,2:03
28‑Mar‑2022,Clay,R32,Facundo Juarez,6-7(5) 6-2 7-5,1.05,6.7%,3.4%,53.8%,70.3%,54.5%,Nicolas Moreno De Alboran,52.1%,39.0%,1.0%,33.3%,76.9%,5/10,2:37
21‑Mar‑2022,Clay,R32,Alexander Ritschard,6-3 6-1,0.55,2.2%,0.0%,68.9%,48.4%,28.6%,Nicolas Moreno De Alboran,37.0%,31.9%,8.5%,8.0%,59.1%,1/5,1:04
28‑Feb‑2022,Clay,QF,Riccardo Bonadio,3-6 6-3 6-2,0.79,4.6%,4.6%,48.3%,64.3%,42.2%,Nicolas Moreno De Alboran,45.3%,37.3%,1.2%,35.6%,41.7%,3/9,2:09
28‑Feb‑2022,Clay,R16,Lukas Rosol,3-6 6-1 6-4,1.44,12.2%,5.4%,58.1%,81.4%,58.1%,Nicolas Moreno De Alboran,56.6%,40.8%,1.4%,34.9%,50.0%,4/8,1:37
28‑Feb‑2022,Clay,R32,Pablo Llamas Ruiz,6-0 6-2,2.02,0.0%,0.0%,61.0%,72.0%,62.5%,Nicolas Moreno De Alboran,66.3%,64.1%,0.0%,59.1%,70.6%,6/9,1:00
24‑Jan‑2022,Clay,QF,Francisco Cerundolo,6-3 6-4,0.67,5.1%,3.4%,59.3%,71.4%,41.7%,Nicolas Moreno De Alboran,43.2%,27.1%,1.7%,18.4%,42.9%,0/0,1:29
24‑Jan‑2022,Clay,R16,Facundo Mena,6-7(4) 6-4 6-1,1.12,8.5%,4.3%,74.5%,78.6%,45.8%,Nicolas Moreno De Alboran,53.5%,33.3%,5.1%,22.9%,50.0%,4/4,2:27
17‑Jan‑2022,Clay,R16,Daniel Elahi Galan,4-6 6-1 6-2,0.70,3.0%,1.5%,63.6%,61.9%,54.2%,Nicolas Moreno De Alboran,42.7%,28.6%,1.3%,26.7%,31.3%,1/3,1:58
17‑Jan‑2022,Clay,R32,Miguel Angel Reyes Varela,6-4 6-2,1.51,3.6%,0.0%,57.1%,71.9%,66.7%,Nicolas Moreno De Alboran,55.4%,45.8%,2.4%,42.4%,54.2%,3/11,1:23
10‑Jan‑2022,Clay,QF,Igor Ribeiro Marcondes,4-6 7-6(6) 7-6(4),1.14,5.3%,1.8%,69.3%,77.2%,60.0%,Nicolas Moreno De Alboran,51.3%,32.0%,1.6%,29.3%,37.5%,1/4,3:19
10‑Jan‑2022,Clay,R16,Fernando Verdasco,7-5 6-3,1.34,1.5%,2.9%,72.1%,75.5%,42.1%,Nicolas Moreno De Alboran,56.0%,45.5%,1.5%,44.9%,47.1%,4/7,1:50
10‑Jan‑2022,Clay,R32,Strong Kirchheimer,6-1 6-3,1.72,2.4%,2.4%,71.4%,73.3%,58.3%,Nicolas Moreno De Alboran,60.7%,53.2%,0.0%,46.4%,63.2%,5/9,1:13
2‑Jan‑2022,Clay,R32,Genaro Alberto Olivieri,6-4 5-7 6-2,0.90,2.2%,4.4%,61.1%,63.6%,34.3%,Nicolas Moreno De Alboran,47.3%,42.9%,1.0%,35.6%,64.0%,5/11,2:26
11‑Oct‑2021,Hard,Q1,N Sriram Balaji,7-6(5) 7-6(4),0.71,11.1%,4.9%,63.0%,70.6%,70.0%,Nicolas Moreno De Alboran,46.5%,21.1%,19.7%,14.6%,32.1%,0/0,1:39
20‑Sep‑2021,Clay,Q1,Daniel Michalski,6-4 6-4,0.66,2.5%,3.8%,62.5%,56.0%,46.7%,Nicolas Moreno De Alboran,44.3%,31.4%,0.0%,20.0%,47.6%,2/2,1:44
6‑Sep‑2021,Clay,R32,Pedja Krstin,6-2 3-6 6-2,0.72,5.3%,4.0%,69.3%,59.6%,47.8%,Nicolas Moreno De Alboran,43.9%,31.5%,2.7%,26.1%,40.7%,2/7,1:58
30‑Aug‑2021,Hard,R32,Fernando Verdasco,6-3 6-2,0.75,3.9%,2.0%,66.7%,61.8%,41.2%,Nicolas Moreno De Alboran,42.9%,33.8%,0.0%,25.0%,62.5%,0/6,1:22
30‑Aug‑2021,Hard,Q2,Johannes Haerteis,6-3 4-6 6-4,0.94,4.6%,2.3%,74.7%,66.2%,45.5%,Nicolas Moreno De Alboran,48.3%,36.6%,2.2%,29.2%,53.6%,3/8,2:30
30‑Aug‑2021,Hard,Q1,Antoine Hoang,6-3 7-5,0.66,9.7%,3.2%,54.8%,67.6%,42.9%,Nicolas Moreno De Alboran,42.4%,28.6%,4.8%,18.2%,52.6%,1/2,1:39
30‑Aug‑2021,Hard,Q1,Reese Stalder,6-4 7-6(2),1.12,13.6%,4.5%,71.2%,72.3%,52.6%,Nicolas Moreno De Alboran,51.9%,37.3%,4.5%,29.5%,52.2%,3/6,1:18
26‑Jul‑2021,Hard,SF,Benjamin Bonzi,6-3 4-6 6-2,0.92,2.6%,1.3%,64.5%,79.6%,40.7%,Nicolas Moreno De Alboran,47.5%,31.4%,0.0%,25.5%,40.0%,1/5,1:50
26‑Jul‑2021,Hard,QF,Altug Celikbilek,6-4 6-2,1.54,2.0%,3.9%,66.7%,76.5%,64.7%,Nicolas Moreno De Alboran,57.3%,42.3%,11.5%,17.6%,54.3%,3/4,1:06
26‑Jul‑2021,Hard,R16,Cem Ilkel,6-4 6-0,2.38,16.7%,2.4%,76.2%,84.4%,60.0%,Nicolas Moreno De Alboran,63.4%,51.0%,2.0%,45.0%,72.7%,4/6,0:58
26‑Jul‑2021,Hard,R32,Luca Vanni,6-4 6-3,1.29,15.8%,5.3%,66.7%,76.3%,68.4%,Nicolas Moreno De Alboran,55.8%,34.0%,12.8%,20.8%,47.8%,2/2,1:14
26‑Jul‑2021,Hard,Q2,Alessandro Bega,6-3 4-6 6-3,1.22,6.3%,1.3%,62.5%,68.0%,63.3%,Nicolas Moreno De Alboran,53.8%,41.3%,2.5%,38.2%,48.0%,5/7,1:48
26‑Jul‑2021,Hard,Q1,Lucas Catarina,6-4 7-6(3),1.30,10.1%,10.1%,58.0%,82.5%,51.7%,Nicolas Moreno De Alboran,54.3%,39.4%,2.8%,32.4%,47.1%,2/5,1:40
29‑Jul‑2019,Hard,R32,Duck Hee Lee,6-2 6-3,0.52,5.0%,2.5%,75.0%,53.3%,20.0%,Nicolas Moreno De Alboran,36.0%,28.6%,14.3%,16.0%,41.7%,1/2,1:04
29‑Jul‑2019,Hard,R64,Tim Van Rijthoven,6-2 7-6(9),1.38,4.1%,5.4%,73.0%,79.6%,55.0%,Nicolas Moreno De Alboran,56.0%,37.3%,14.9%,18.4%,62.1%,3/5,1:35
