Date,Surface,Rd,Opponent,Score,DR,A%,DF%,1stIn,1st%,2nd%,Player,Ret_TPW,Ret_RPW,Ret_vA%,Ret_v1st%,Ret_v2nd%,Ret_BPCnv,Ret_Time
12‑May‑2025,Clay,R16,Genaro Alberto Olivieri,6-3 1-6 6-2,0.96,0.0%,1.3%,67.1%,60.8%,52.0%,Thiago Agustin Tirante,49.7%,40.6%,0.0%,40.3%,42.9%,4/6,2:04
12‑May‑2025,Clay,R32,Ryan Nijboer,2-6 6-2 6-1,1.24,9.3%,1.3%,56.0%,71.4%,57.6%,Thiago Agustin Tirante,54.5%,42.9%,0.0%,32.6%,59.3%,4/7,2:07
7‑May‑2025,Clay,Q1,Pablo Carreno Busta,7-6(5) 2-1 RET,0.81,4.0%,4.0%,58.7%,61.4%,45.2%,Thiago Agustin Tirante,47.2%,36.5%,1.9%,34.5%,39.1%,1/3,1:36
28‑Apr‑2025,Clay,QF,Roman Andres Burruchaga,7-5 4-6 6-3,0.91,4.0%,5.0%,56.4%,68.4%,45.5%,Thiago Agustin Tirante,47.8%,38.0%,1.9%,30.9%,50.0%,4/12,2:37
28‑Apr‑2025,Clay,R16,Filip Misolic,7-6(3) 6-3,1.40,11.1%,5.6%,66.7%,79.2%,54.2%,Thiago Agustin Tirante,55.4%,40.8%,2.6%,40.0%,41.9%,2/4,1:44
28‑Apr‑2025,Clay,R32,Mika Brunold,7-5 6-4,1.16,5.0%,3.8%,61.3%,77.6%,51.6%,Thiago Agustin Tirante,53.2%,37.8%,1.4%,24.4%,54.5%,2/2,1:56
23‑Apr‑2025,Clay,Q1,Dusan Lajovic,6-3 7-6(6),1.02,5.2%,1.7%,70.7%,65.9%,58.8%,Thiago Agustin Tirante,48.9%,37.0%,2.7%,39.1%,33.3%,2/5,1:31
7‑Apr‑2025,Clay,R32,Aziz Dougaz,6-3 3-6 6-3,0.85,6.5%,10.2%,46.3%,80.0%,41.4%,Thiago Agustin Tirante,47.2%,34.6%,8.7%,28.1%,42.6%,1/11,2:26
31‑Mar‑2025,Hard,R32,Stefan Kozlov,4-6 6-4 6-2,0.87,1.1%,2.2%,57.8%,69.2%,34.2%,Thiago Agustin Tirante,47.6%,39.7%,2.6%,27.8%,66.7%,4/5,2:17
24‑Mar‑2025,Hard,QF,Dmitry Popko,6-1 6-4,0.70,6.7%,6.7%,48.9%,63.6%,56.5%,Thiago Agustin Tirante,42.2%,28.1%,3.5%,21.2%,37.5%,0/4,1:09
24‑Mar‑2025,Hard,R16,Murphy Cassone,6-3 6-7(4) 6-3,1.05,9.6%,4.8%,50.0%,80.8%,61.5%,Thiago Agustin Tirante,52.6%,30.2%,10.5%,18.2%,51.6%,2/8,2:10
24‑Mar‑2025,Hard,R32,Maximilian Neuchrist,7-6(7) 6-4,2.00,23.3%,5.0%,71.7%,88.4%,64.7%,Thiago Agustin Tirante,55.6%,36.6%,2.4%,30.4%,50.0%,1/4,1:36
19‑Mar‑2025,Hard,R64,Denis Shapovalov,6-3 6-7(1) 7-6(3),0.99,7.9%,1.0%,67.3%,72.1%,45.5%,Thiago Agustin Tirante,49.3%,36.1%,5.6%,25.5%,47.2%,3/7,2:24
19‑Mar‑2025,Hard,R128,Flavio Cobolli,6-1 3-6 6-3,1.33,13.9%,1.3%,63.3%,74.0%,58.6%,Thiago Agustin Tirante,55.5%,42.1%,6.6%,30.0%,55.6%,4/9,1:52
19‑Mar‑2025,Hard,Q2,Alexander Shevchenko,6-3 6-3,1.76,11.3%,1.9%,52.8%,78.6%,72.0%,Thiago Agustin Tirante,58.6%,43.1%,6.9%,33.3%,53.6%,3/4,1:13
19‑Mar‑2025,Hard,Q1,Dusan Lajovic,6-4 6-3,1.40,11.7%,0.0%,60.0%,75.0%,62.5%,Thiago Agustin Tirante,55.7%,41.9%,3.2%,28.9%,76.5%,3/6,1:26
3‑Mar‑2025,Clay,F,Juan Pablo Ficovich,6-4 6-0,1.92,6.7%,4.4%,57.8%,76.9%,63.2%,Thiago Agustin Tirante,63.3%,55.6%,2.2%,50.0%,61.9%,5/8,1:04
3‑Mar‑2025,Clay,SF,Juan Manuel Cerundolo,6-4 4-3 RET,1.27,3.8%,0.0%,76.9%,75.0%,41.7%,Thiago Agustin Tirante,53.0%,41.5%,7.7%,36.4%,52.4%,2/8,1:23
3‑Mar‑2025,Clay,QF,Gonzalo Villanueva,6-4 6-4,1.25,10.5%,1.8%,61.4%,71.4%,54.5%,Thiago Agustin Tirante,54.4%,43.9%,0.0%,41.5%,50.0%,4/8,1:30
3‑Mar‑2025,Clay,R16,Renzo Olivo,7-6(5) 3-0 RET,1.21,1.7%,1.7%,69.0%,55.0%,72.2%,Thiago Agustin Tirante,54.6%,48.0%,4.0%,46.9%,50.0%,3/5,1:40
3‑Mar‑2025,Clay,R32,Juan Bautista Torres,6-4 5-7 7-6(7),0.96,10.1%,3.0%,58.6%,72.4%,63.4%,Thiago Agustin Tirante,49.2%,30.0%,1.0%,25.8%,36.8%,3/9,2:46
24‑Feb‑2025,Clay,Q2,Gustavo Heide,6-7(4) 6-2 7-5,0.61,6.9%,4.0%,60.4%,68.9%,60.0%,Thiago Agustin Tirante,45.2%,21.2%,12.9%,8.2%,38.9%,0/3,2:34
24‑Feb‑2025,Clay,Q1,Pol Martin Tiffon,6-1 6-4,2.16,9.1%,2.3%,75.0%,84.8%,54.5%,Thiago Agustin Tirante,61.4%,49.1%,7.0%,34.5%,64.3%,4/8,1:08
17‑Feb‑2025,Clay,Q1,Juan Manuel Cerundolo,6-1 6-4,0.59,4.8%,3.2%,53.2%,63.6%,41.4%,Thiago Agustin Tirante,41.4%,27.8%,9.3%,13.9%,55.6%,0/3,1:27
10‑Feb‑2025,Clay,Q1,Federico Coria,5-7 7-6(8) 4-1 RET,0.96,7.0%,2.0%,69.0%,63.8%,54.8%,Thiago Agustin Tirante,49.5%,37.5%,5.2%,24.2%,61.8%,2/5,2:32
3‑Feb‑2025,Clay,R32,Guido Ivan Justo,3-6 6-1 6-2,0.67,0.0%,1.1%,78.0%,52.1%,45.0%,Thiago Agustin Tirante,43.1%,33.3%,2.9%,29.1%,50.0%,2/4,2:07
13‑Jan‑2025,Hard,Q3,Joao Fonseca,6-4 6-1,0.46,5.4%,2.7%,55.4%,58.5%,45.5%,Thiago Agustin Tirante,40.8%,21.7%,10.9%,16.7%,31.3%,0/5,1:14
13‑Jan‑2025,Hard,Q2,Titouan Droguet,6-4 7-6(4),1.12,8.5%,4.2%,46.5%,84.8%,63.2%,Thiago Agustin Tirante,52.2%,29.9%,11.9%,28.6%,32.0%,1/2,1:36
13‑Jan‑2025,Hard,Q1,Jurij Rodionov,7-6(5) 4-6 6-4,1.07,5.6%,2.8%,66.4%,70.4%,52.8%,Thiago Agustin Tirante,50.7%,37.9%,9.5%,22.2%,63.6%,3/9,2:27
18‑Nov‑2024,Hard,F,Francisco Comesana,7-5 4-6 6-4,1.02,11.9%,7.9%,55.4%,75.0%,57.8%,Thiago Agustin Tirante,50.8%,33.3%,7.3%,26.3%,43.6%,2/8,2:16
18‑Nov‑2024,Hard,SF,Tomas Barrios Vera,7-6(4) 7-5,1.16,8.6%,4.9%,69.1%,64.3%,32.0%,Thiago Agustin Tirante,53.5%,52.8%,3.4%,47.4%,62.5%,6/12,1:59
18‑Nov‑2024,Hard,QF,Hady Habib,7-6(3) 4-6 6-4,1.31,22.1%,2.1%,65.3%,83.9%,51.5%,Thiago Agustin Tirante,51.8%,35.8%,9.8%,30.3%,44.7%,1/13,2:26
18‑Nov‑2024,Hard,R16,Juan Bautista Torres,7-5 6-4,1.29,16.9%,1.4%,57.7%,73.2%,46.7%,Thiago Agustin Tirante,56.3%,49.1%,3.5%,47.4%,52.6%,5/5,1:29
18‑Nov‑2024,Hard,R32,Renzo Olivo,6-2 6-2,1.86,22.2%,2.2%,62.2%,92.9%,47.1%,Thiago Agustin Tirante,60.7%,45.5%,11.4%,41.4%,53.3%,4/4,1:01
4‑Nov‑2024,Hard,Q2,Branko Djuric,6-7(2) 6-2 6-4,0.82,8.9%,2.0%,64.4%,69.2%,44.4%,Thiago Agustin Tirante,47.4%,32.6%,12.4%,22.4%,45.0%,2/7,2:43
4‑Nov‑2024,Hard,Q1,Marko Maksimovic,7-6(7) 6-3,1.26,11.1%,6.9%,59.7%,83.7%,41.4%,Thiago Agustin Tirante,53.2%,41.9%,0.0%,35.6%,55.6%,2/7,1:46
28‑Oct‑2024,Hard,R32,Pierre Hugues Herbert,6-3 6-2,0.54,4.2%,2.1%,64.6%,64.5%,47.1%,Thiago Agustin Tirante,40.2%,22.4%,18.4%,18.8%,29.4%,0/1,1:03
14‑Oct‑2024,Hard,R32,Alejandro Davidovich Fokina,7-6(2) 6-2,0.68,13.2%,1.3%,59.2%,71.1%,41.9%,Thiago Agustin Tirante,44.1%,27.5%,4.3%,24.0%,36.8%,0/3,1:42
14‑Oct‑2024,Hard,Q2,August Holmgren,6-3 6-2,1.97,14.6%,2.4%,56.1%,78.3%,66.7%,Thiago Agustin Tirante,61.5%,52.7%,7.3%,53.6%,51.9%,5/7,1:05
14‑Oct‑2024,Hard,Q1,Nikola Slavic,6-7(5) 6-3 6-2,2.40,20.0%,4.0%,57.3%,95.3%,68.8%,Thiago Agustin Tirante,58.0%,38.4%,6.1%,28.6%,55.6%,4/15,2:06
7‑Oct‑2024,Clay,QF,Nicolas Moreno De Alboran,6-7(0) 6-4 6-2,0.81,2.1%,0.0%,82.1%,66.7%,58.8%,Thiago Agustin Tirante,47.1%,28.3%,4.3%,24.6%,35.5%,0/2,2:34
7‑Oct‑2024,Clay,R16,Carlos Taberner,7-6(2) 3-6 6-3,1.04,3.9%,1.0%,67.6%,66.7%,48.5%,Thiago Agustin Tirante,50.7%,40.8%,1.0%,34.7%,57.1%,4/6,2:41
7‑Oct‑2024,Clay,R32,Christoph Negritu,7-6(5) 7-6(4),1.09,11.0%,1.4%,72.6%,62.3%,65.0%,Thiago Agustin Tirante,51.3%,40.3%,5.2%,37.2%,44.1%,4/8,1:52
30‑Sep‑2024,Clay,R16,Lukas Neumayer,6-3 6-1,0.73,0.0%,0.0%,68.8%,48.5%,60.0%,Thiago Agustin Tirante,42.6%,35.0%,0.0%,33.3%,41.7%,0/7,1:18
30‑Sep‑2024,Clay,R32,Matej Dodig,7-6(3) 6-4,1.31,7.2%,1.4%,75.4%,88.5%,35.3%,Thiago Agustin Tirante,53.6%,32.4%,4.2%,24.4%,46.2%,1/1,1:43
23‑Sep‑2024,Clay,QF,Elmer Moller,6-4 4-6 6-3,0.80,3.7%,5.5%,71.6%,60.3%,35.5%,Thiago Agustin Tirante,46.4%,37.3%,3.6%,32.1%,48.1%,4/11,2:24
23‑Sep‑2024,Clay,R16,Frederico Ferreira Silva,6-3 6-1,1.83,14.0%,0.0%,72.1%,74.2%,58.3%,Thiago Agustin Tirante,62.2%,55.3%,4.3%,53.1%,60.0%,5/9,1:12
23‑Sep‑2024,Clay,R32,Enrico Dalla Valle,6-4 7-6(4),1.31,10.5%,1.3%,63.2%,70.8%,71.4%,Thiago Agustin Tirante,52.6%,37.9%,5.3%,30.5%,50.0%,1/14,2:12
16‑Sep‑2024,Clay,R16,Gonzalo Bueno,6-4 3-6 6-3,1.00,6.1%,6.1%,53.7%,72.7%,52.6%,Thiago Agustin Tirante,48.9%,36.7%,0.0%,29.7%,50.0%,2/10,2:19
16‑Sep‑2024,Clay,R32,Frazier Rengifo,6-3 6-1,1.94,16.7%,2.1%,66.7%,78.1%,56.3%,Thiago Agustin Tirante,63.4%,56.6%,0.0%,57.6%,55.0%,5/7,1:11
26‑Aug‑2024,Hard,Q2,Diego Schwartzman,7-5 6-4,0.82,8.5%,5.6%,66.2%,66.0%,50.0%,Thiago Agustin Tirante,46.5%,32.4%,2.8%,22.2%,50.0%,1/7,1:48
26‑Aug‑2024,Hard,Q1,Dmitry Popko,3-6 6-1 6-2,1.29,7.0%,7.0%,57.7%,75.6%,50.0%,Thiago Agustin Tirante,54.1%,45.3%,9.3%,27.5%,60.9%,5/9,1:56
5‑Aug‑2024,Clay,R32,Benjamin Lock,6-3 7-6(2),0.73,7.9%,6.3%,44.4%,60.7%,57.1%,Thiago Agustin Tirante,43.6%,30.0%,11.4%,26.5%,38.1%,1/4,1:37
22‑Jul‑2024,Clay,R16,Sebastian Baez,6-3 6-3,0.88,4.1%,4.1%,55.1%,66.7%,54.5%,Thiago Agustin Tirante,45.4%,34.3%,5.7%,38.8%,23.8%,0/9,1:22
22‑Jul‑2024,Clay,R32,Dominic Thiem,6-2 6-4,1.86,14.3%,2.0%,69.4%,82.4%,66.7%,Thiago Agustin Tirante,58.7%,41.8%,7.3%,28.1%,60.9%,3/3,1:13
15‑Jul‑2024,Clay,SF,Nuno Borges,6-3 6-4,0.47,7.0%,5.3%,61.4%,74.3%,27.3%,Thiago Agustin Tirante,39.6%,20.4%,6.1%,17.6%,26.7%,1/3,1:09
15‑Jul‑2024,Clay,QF,Roberto Carballes Baena,6-3 2-6 7-5,1.07,9.2%,2.3%,69.0%,70.0%,48.1%,Thiago Agustin Tirante,51.4%,39.5%,1.2%,38.9%,42.9%,4/11,2:15
15‑Jul‑2024,Clay,R16,Andrey Rublev,7-6(5) 3-6 6-4,0.92,4.7%,5.7%,58.5%,72.6%,45.5%,Thiago Agustin Tirante,49.2%,35.5%,2.2%,33.3%,38.9%,2/3,2:24
15‑Jul‑2024,Clay,R32,Jaime Faria,3-6 6-1 6-4,1.44,6.8%,2.7%,61.6%,84.4%,57.1%,Thiago Agustin Tirante,54.0%,37.5%,13.6%,32.7%,44.4%,3/12,1:55
8‑Jul‑2024,Clay,R16,Lukas Neumayer,6-4 6-3,0.73,5.4%,8.9%,57.1%,62.5%,45.8%,Thiago Agustin Tirante,43.9%,32.8%,13.8%,32.4%,33.3%,1/3,1:29
8‑Jul‑2024,Clay,R32,Santiago Fa Rodriguez Taverna,7-6(2) 6-1,1.50,8.5%,1.4%,67.6%,70.8%,69.6%,Thiago Agustin Tirante,57.4%,44.3%,7.1%,32.4%,57.6%,3/6,1:45
1‑Jul‑2024,Clay,R32,Andrea Collarini,6-3 7-5,0.70,7.3%,1.8%,65.5%,61.1%,47.4%,Thiago Agustin Tirante,43.2%,30.4%,1.8%,29.5%,33.3%,2/2,1:33
1‑Jul‑2024,Grass,Q2,Maxime Cressy,7-6(9) 6-3,0.61,8.6%,1.4%,70.0%,77.6%,47.6%,Thiago Agustin Tirante,45.1%,19.0%,22.2%,11.6%,35.0%,0/0,1:42
1‑Jul‑2024,Grass,Q1,Dalibor Svrcina,6-3 6-7(6) 6-3,1.07,13.8%,0.0%,75.9%,64.8%,46.4%,Thiago Agustin Tirante,52.7%,42.5%,5.7%,39.3%,50.0%,5/10,2:17
17‑Jun‑2024,Clay,R16,Alexander Weis,6-4 2-6 6-3,0.95,6.4%,6.4%,47.4%,73.0%,43.9%,Thiago Agustin Tirante,48.2%,40.0%,2.2%,19.1%,62.8%,4/6,2:21
17‑Jun‑2024,Clay,R32,Federico Cina,7-6(5) 7-5,0.95,9.2%,5.3%,61.8%,72.3%,65.5%,Thiago Agustin Tirante,50.7%,28.8%,3.0%,16.7%,43.3%,2/5,1:50
20‑May‑2024,Clay,Q1,Sebastian Fanselow,6-4 7-6(4),0.91,8.7%,3.3%,69.6%,60.9%,42.9%,Thiago Agustin Tirante,48.6%,40.7%,3.7%,25.5%,66.7%,3/7,2:04
13‑May‑2024,Clay,R32,Felipe Meligeni Alves,4-6 6-3 6-1,0.69,13.9%,2.8%,66.7%,70.8%,33.3%,Thiago Agustin Tirante,43.4%,28.8%,5.5%,28.9%,28.6%,1/2,1:42
6‑May‑2024,Clay,Q1,Facundo Bagnis,7-6(8) 7-6(5),1.02,7.3%,3.7%,63.4%,75.0%,53.3%,Thiago Agustin Tirante,49.2%,33.7%,8.4%,29.5%,41.2%,2/10,2:28
29‑Apr‑2024,Clay,R32,Luciano Darderi,3-6 6-3 6-4,0.93,5.2%,0.0%,54.6%,60.4%,45.5%,Thiago Agustin Tirante,48.9%,43.2%,2.5%,24.3%,59.1%,5/9,2:15
22‑Apr‑2024,Clay,Q2,Lukas Klein,6-3 6-3,0.67,3.0%,1.5%,82.1%,58.2%,41.7%,Thiago Agustin Tirante,43.5%,29.8%,7.0%,25.0%,41.2%,0/5,1:21
22‑Apr‑2024,Clay,Q1,Titouan Droguet,6-3 7-5,1.53,3.1%,1.5%,81.5%,73.6%,58.3%,Thiago Agustin Tirante,56.8%,44.6%,6.8%,34.8%,60.7%,3/13,1:45
8‑Apr‑2024,Hard,R32,Rodrigo Pacheco Mendez,7-5 6-4,0.87,16.2%,2.9%,73.5%,70.0%,38.9%,Thiago Agustin Tirante,47.4%,33.3%,4.3%,30.6%,40.0%,1/4,1:37
1‑Apr‑2024,Clay,F,Alexis Galarneau,6-1 6-3,1.44,4.8%,6.3%,60.3%,65.8%,48.0%,Thiago Agustin Tirante,59.0%,59.3%,0.0%,51.9%,66.7%,6/8,1:29
1‑Apr‑2024,Clay,SF,Bernard Tomic,6-4 7-6(2),1.28,11.0%,5.5%,64.4%,72.3%,46.2%,Thiago Agustin Tirante,54.2%,47.3%,2.2%,42.9%,52.3%,4/15,1:48
1‑Apr‑2024,Clay,QF,Oliver Crawford,6-4 6-4,1.42,15.3%,5.1%,62.7%,83.8%,59.1%,Thiago Agustin Tirante,55.0%,36.1%,3.3%,20.0%,51.6%,2/6,1:28
1‑Apr‑2024,Clay,R16,Juan Pablo Ficovich,7-5 6-1,1.62,6.3%,6.3%,56.3%,81.5%,57.1%,Thiago Agustin Tirante,56.8%,47.1%,1.4%,33.3%,59.5%,5/11,1:25
1‑Apr‑2024,Clay,R32,Federico Gaio,7-5 6-3,1.50,7.5%,7.5%,65.7%,79.5%,56.5%,Thiago Agustin Tirante,56.3%,42.7%,8.0%,22.9%,60.0%,3/8,1:35
25‑Mar‑2024,Clay,QF,Nicolas Mejia,6-3 6-4,0.70,6.0%,10.4%,53.7%,69.4%,51.6%,Thiago Agustin Tirante,45.2%,27.1%,5.1%,17.6%,40.0%,0/3,1:43
25‑Mar‑2024,Clay,R16,Federico Gaio,7-5 6-1,1.41,6.1%,3.0%,66.7%,75.0%,45.5%,Thiago Agustin Tirante,57.6%,49.2%,10.2%,33.3%,62.5%,4/8,1:30
25‑Mar‑2024,Clay,R32,Gerard Campana Lee,6-4 6-4,1.54,7.3%,1.8%,74.5%,75.6%,78.6%,Thiago Agustin Tirante,55.1%,36.5%,0.0%,38.1%,33.3%,2/5,1:33
26‑Feb‑2024,Clay,R16,Corentin Moutet,6-3 6-7(5) 6-2,0.70,2.1%,5.2%,71.1%,60.9%,53.6%,Thiago Agustin Tirante,44.2%,29.0%,1.1%,16.1%,54.8%,1/6,2:44
26‑Feb‑2024,Clay,R32,Joao Fonseca,7-5 7-6(3),1.34,0.0%,1.3%,76.0%,73.7%,66.7%,Thiago Agustin Tirante,53.4%,37.5%,1.1%,37.3%,37.8%,2/3,2:08
19‑Feb‑2024,Clay,Q1,Andrea Pellegrino,1-6 6-4 6-1,0.90,9.7%,0.0%,73.6%,58.5%,42.1%,Thiago Agustin Tirante,47.6%,41.1%,0.0%,34.2%,48.6%,4/9,2:01
5‑Feb‑2024,Clay,R16,Facundo Diaz Acosta,6-2 6-7(5) 6-2,0.70,0.0%,2.3%,71.6%,65.1%,28.0%,Thiago Agustin Tirante,43.7%,31.6%,2.5%,26.1%,39.4%,2/6,2:47
5‑Feb‑2024,Clay,R32,Francisco Comesana,6-1 7-6(4),1.08,2.4%,1.2%,67.1%,70.9%,51.9%,Thiago Agustin Tirante,53.1%,38.1%,1.6%,33.3%,45.8%,3/6,1:58
5‑Feb‑2024,Clay,Q2,Facundo Bagnis,7-6(5) 6-3,1.00,2.7%,2.7%,63.0%,69.6%,63.0%,Thiago Agustin Tirante,48.7%,32.9%,4.7%,25.5%,46.7%,0/4,2:26
5‑Feb‑2024,Clay,Q1,Alex Barrena,6-3 6-4,1.36,0.0%,0.0%,78.2%,65.1%,66.7%,Thiago Agustin Tirante,56.6%,47.1%,3.9%,39.4%,61.1%,4/6,1:27
22‑Jan‑2024,Clay,F,Gianluca Mager,6-7(5) 6-2 6-0,0.58,4.6%,5.7%,73.6%,54.7%,47.8%,Thiago Agustin Tirante,40.9%,27.3%,10.4%,25.6%,28.9%,1/7,2:16
22‑Jan‑2024,Clay,QF,Murkel Alejandro Dellien Velasco,6-3 6-0,1.67,6.8%,0.0%,77.3%,70.6%,40.0%,Thiago Agustin Tirante,62.1%,60.8%,0.0%,60.6%,61.1%,6/11,1:15
22‑Jan‑2024,Clay,R16,Gustavo Heide,4-6 6-3 6-2,1.31,2.2%,2.2%,77.5%,73.9%,60.0%,Thiago Agustin Tirante,54.9%,38.4%,4.7%,32.7%,45.9%,3/11,2:27
22‑Jan‑2024,Clay,R32,Franco Roncadelli,6-2 6-4,1.31,3.3%,1.6%,55.7%,67.6%,59.3%,Thiago Agustin Tirante,56.0%,47.3%,3.6%,53.8%,31.3%,4/7,1:28
15‑Jan‑2024,Hard,Q1,Kimmer Coppejans,6-7(1) 7-6(6) 6-2,0.89,6.1%,3.8%,67.9%,68.5%,42.9%,Thiago Agustin Tirante,48.4%,35.3%,3.4%,23.1%,50.0%,1/10,3:21
20‑Nov‑2023,Hard,QF,Juan Pablo Ficovich,4-6 6-3 7-6(1),0.76,14.4%,5.1%,61.0%,70.8%,45.7%,Thiago Agustin Tirante,47.2%,29.8%,13.8%,23.2%,39.5%,2/7,2:31
20‑Nov‑2023,Hard,R16,Gilbert Soares Klier Junior,6-4 6-4,1.37,20.0%,1.7%,55.0%,90.9%,44.4%,Thiago Agustin Tirante,55.4%,41.0%,8.2%,37.5%,47.6%,3/3,1:29
20‑Nov‑2023,Hard,R32,Facundo Bagnis,6-2 6-4,2.30,17.8%,0.0%,62.2%,89.3%,64.7%,Thiago Agustin Tirante,60.4%,45.9%,4.9%,37.8%,68.8%,3/9,1:14
13‑Nov‑2023,Clay,R32,Roman Andres Burruchaga,6-2 1-6 6-2,0.87,2.2%,4.3%,52.2%,66.7%,40.9%,Thiago Agustin Tirante,47.4%,39.8%,2.4%,30.9%,57.1%,2/9,2:23
23‑Oct‑2023,Clay,R16,Dalibor Svrcina,6-4 7-6(6),0.90,4.0%,4.0%,66.7%,62.0%,48.0%,Thiago Agustin Tirante,47.0%,38.5%,0.0%,30.9%,50.0%,2/9,2:10
23‑Oct‑2023,Clay,R32,Matheus Pucinelli De Almeida,6-2 3-6 6-1,1.31,1.5%,1.5%,70.1%,72.3%,60.0%,Thiago Agustin Tirante,54.9%,40.9%,3.0%,27.3%,68.2%,5/8,1:53
16‑Oct‑2023,Hard,R32,Joris De Loore,6-3 6-2,0.69,7.5%,0.0%,66.0%,62.9%,27.8%,Thiago Agustin Tirante,42.5%,34.0%,13.2%,27.8%,47.1%,1/3,1:28
9‑Oct‑2023,Hard,R16,Maxime Janvier,6-7(3) 6-3 7-6(3),1.00,6.5%,2.2%,67.4%,72.6%,53.3%,Thiago Agustin Tirante,49.0%,33.7%,5.8%,23.5%,52.8%,3/4,2:30
9‑Oct‑2023,Hard,R32,Ilya Ivashka,6-3 6-2,2.16,4.3%,0.0%,59.6%,82.1%,73.7%,Thiago Agustin Tirante,61.9%,46.0%,2.0%,48.3%,42.9%,3/3,1:07
2‑Oct‑2023,Hard,R32,Moez Echargui,6-4 6-4,0.89,13.6%,8.5%,59.3%,68.6%,33.3%,Thiago Agustin Tirante,47.5%,40.7%,8.5%,34.4%,48.1%,3/3,1:31
25‑Sep‑2023,Clay,SF,Tomas Barrios Vera,6-2 6-4,1.71,14.0%,4.0%,66.0%,90.9%,47.1%,Thiago Agustin Tirante,57.5%,41.1%,1.8%,41.9%,40.0%,3/6,1:13
25‑Sep‑2023,Clay,QF,Murkel Alejandro Dellien Velasco,6-4 6-4,1.41,8.5%,3.4%,52.5%,80.6%,64.3%,Thiago Agustin Tirante,53.8%,38.4%,4.1%,26.7%,57.1%,2/10,1:32
25‑Sep‑2023,Clay,R16,Viktor Durasovic,7-6(4) 6-7(4) 7-6(7),1.00,17.4%,5.8%,65.3%,84.8%,59.5%,Thiago Agustin Tirante,50.4%,23.9%,12.8%,11.9%,40.0%,0/1,2:32
25‑Sep‑2023,Clay,R32,Blaise Bicknell,5-7 6-2 7-6(3),0.92,7.4%,4.6%,55.6%,75.0%,64.6%,Thiago Agustin Tirante,51.0%,27.3%,10.2%,17.9%,43.8%,2/4,2:22
11‑Sep‑2023,Clay,QF,Mariano Navone,6-1 4-1 RET,0.54,5.7%,0.0%,71.4%,36.0%,30.0%,Thiago Agustin Tirante,34.8%,35.3%,0.0%,23.8%,53.8%,1/3,0:55
11‑Sep‑2023,Clay,R16,Matheus Pucinelli De Almeida,7-6(1) 7-6(3),1.11,1.1%,3.3%,65.2%,58.3%,53.1%,Thiago Agustin Tirante,52.4%,48.5%,0.0%,40.0%,62.2%,5/11,2:39
11‑Sep‑2023,Clay,R32,Daniel Dutra Da Silva,2-6 6-3 2-0 RET,1.10,8.2%,0.0%,69.4%,58.8%,80.0%,Thiago Agustin Tirante,51.5%,38.0%,6.0%,29.4%,56.3%,3/8,1:18
28‑Aug‑2023,Hard,Q3,Dominic Stricker,6-2 6-3,0.56,6.3%,3.2%,58.7%,73.0%,34.6%,Thiago Agustin Tirante,42.5%,24.0%,10.0%,7.1%,45.5%,0/3,1:23
28‑Aug‑2023,Hard,Q2,Brandon Holt,7-6(4) 6-3,1.35,14.9%,1.5%,50.7%,73.5%,72.7%,Thiago Agustin Tirante,54.4%,36.2%,5.8%,29.7%,43.8%,2/7,1:48
28‑Aug‑2023,Hard,Q1,Luca Nardi,6-4 6-4,1.32,13.4%,0.0%,58.2%,74.4%,64.3%,Thiago Agustin Tirante,53.4%,39.5%,6.2%,34.6%,48.3%,2/7,1:40
14‑Aug‑2023,Hard,R32,Sho Shimabukuro,6-1 6-3,0.33,6.1%,0.0%,59.2%,55.2%,50.0%,Thiago Agustin Tirante,36.4%,15.4%,10.3%,10.5%,20.0%,0/1,0:58
7‑Aug‑2023,Clay,R16,Francisco Comesana,6-1 6-7(5) 7-5,0.92,6.7%,4.5%,64.0%,70.2%,50.0%,Thiago Agustin Tirante,47.2%,34.0%,4.7%,27.5%,53.8%,2/4,2:26
7‑Aug‑2023,Clay,R32,Gustavo Heide,7-6(4) 6-4,1.35,2.9%,1.4%,62.9%,84.1%,61.5%,Thiago Agustin Tirante,53.8%,32.9%,2.7%,19.5%,50.0%,1/6,1:57
31‑Jul‑2023,Hard,R16,Alex De Minaur,6-2 6-1,0.37,6.0%,2.0%,56.0%,53.6%,36.4%,Thiago Agustin Tirante,35.3%,20.0%,0.0%,13.6%,30.8%,0/0,1:03
31‑Jul‑2023,Hard,R32,Gonzalo Lama,7-6(3) 6-2,1.73,3.6%,0.0%,78.6%,72.7%,83.3%,Thiago Agustin Tirante,56.9%,43.2%,4.1%,34.1%,54.5%,3/12,1:57
10‑Jul‑2023,Clay,R16,Daniel Rincon,5-7 7-5 6-2,0.84,0.0%,3.8%,70.0%,54.9%,43.6%,Thiago Agustin Tirante,46.6%,40.7%,3.7%,28.3%,56.3%,4/9,3:11
10‑Jul‑2023,Clay,R32,Peter Buldorini,6-2 6-2,2.69,5.4%,8.1%,48.6%,88.9%,68.4%,Thiago Agustin Tirante,67.5%,58.1%,0.0%,48.1%,75.0%,5/7,1:06
3‑Jul‑2023,Clay,QF,Flavio Cobolli,6-4 3-6 6-3,0.88,1.1%,3.4%,69.3%,60.7%,59.3%,Thiago Agustin Tirante,48.5%,35.1%,2.6%,41.0%,28.9%,3/6,2:17
3‑Jul‑2023,Clay,R16,Federico Iannaccone,6-3 6-0,1.79,6.8%,4.5%,70.5%,67.7%,53.8%,Thiago Agustin Tirante,64.4%,65.1%,0.0%,58.6%,78.6%,6/7,1:10
3‑Jul‑2023,Clay,R32,Mattia Bellucci,6-3 7-6(2),1.64,3.2%,1.6%,67.7%,85.7%,60.0%,Thiago Agustin Tirante,55.6%,37.0%,5.5%,31.4%,42.1%,1/5,1:51
3‑Jul‑2023,Grass,Q1,Gauthier Onclin,6-2 6-0,0.37,6.1%,10.2%,67.3%,48.5%,25.0%,Thiago Agustin Tirante,32.6%,21.6%,0.0%,16.0%,33.3%,0/0,0:54
19‑Jun‑2023,Grass,R16,Arthur Cazaux,6-1 3-1 RET,0.24,0.0%,10.3%,65.5%,31.6%,60.0%,Thiago Agustin Tirante,27.6%,13.8%,13.8%,5.6%,27.3%,0/0,0:40
19‑Jun‑2023,Grass,R32,Nuno Borges,4-6 6-3 6-4,0.89,10.8%,2.2%,69.9%,76.9%,46.4%,Thiago Agustin Tirante,50.6%,28.8%,6.8%,24.1%,42.1%,2/2,1:51
29‑May‑2023,Clay,R64,Zhizhen Zhang,7-6(3) 6-3 6-4,0.84,6.5%,1.1%,67.7%,65.1%,46.7%,Thiago Agustin Tirante,46.0%,34.3%,4.8%,29.4%,43.2%,2/7,2:21
29‑May‑2023,Clay,R128,Botic Van De Zandschulp,6-2 4-6 6-3 6-4,1.16,0.7%,0.7%,68.4%,58.1%,62.8%,Thiago Agustin Tirante,53.9%,46.7%,2.8%,32.7%,61.5%,7/13,3:06
15‑May‑2023,Clay,R16,Aziz Dougaz,6-4 6-3,0.75,3.3%,3.3%,61.7%,59.5%,34.8%,Thiago Agustin Tirante,44.0%,37.5%,1.8%,25.0%,50.0%,2/6,1:32
15‑May‑2023,Clay,R32,Shintaro Mochizuki,6-4 6-4,1.15,0.0%,6.3%,68.3%,69.8%,40.0%,Thiago Agustin Tirante,53.3%,45.6%,0.0%,44.8%,46.4%,4/12,1:29
8‑May‑2023,Clay,QF,Nicholas David Ionel,6-2 3-6 6-3,0.83,1.2%,4.7%,65.9%,66.1%,24.1%,Thiago Agustin Tirante,46.1%,40.2%,1.2%,37.3%,53.3%,4/11,2:24
8‑May‑2023,Clay,R16,Elmar Ejupovic,6-3 6-2,2.00,0.0%,2.1%,66.0%,80.6%,62.5%,Thiago Agustin Tirante,62.0%,50.9%,1.9%,38.7%,68.2%,4/8,1:20
8‑May‑2023,Clay,R32,Fausto Tabacco,6-1 7-6(7),1.44,1.4%,2.9%,68.1%,61.7%,72.7%,Thiago Agustin Tirante,57.6%,50.0%,0.0%,45.7%,58.3%,5/9,1:47
17‑Apr‑2023,Hard,F,James Duckworth,7-5 6-0,1.56,5.4%,7.1%,58.9%,81.8%,56.5%,Thiago Agustin Tirante,57.0%,44.6%,9.2%,36.6%,58.3%,4/10,1:16
17‑Apr‑2023,Hard,SF,Mark Lajal,6-2 6-3,1.45,6.9%,5.2%,65.5%,76.3%,60.0%,Thiago Agustin Tirante,57.1%,42.6%,5.6%,27.8%,72.2%,3/6,1:15
17‑Apr‑2023,Hard,QF,Juan Pablo Ficovich,6-3 6-2,1.40,6.1%,9.1%,69.7%,80.4%,40.0%,Thiago Agustin Tirante,58.6%,44.4%,4.4%,40.0%,50.0%,3/3,1:07
17‑Apr‑2023,Hard,R16,Evan Zhu,6-2 7-6(3),1.36,5.8%,4.3%,60.9%,78.6%,55.6%,Thiago Agustin Tirante,55.4%,41.4%,2.9%,36.0%,55.0%,3/6,1:23
17‑Apr‑2023,Hard,R32,Skander Mansouri,6-0 6-3,1.96,2.2%,6.5%,50.0%,82.6%,65.2%,Thiago Agustin Tirante,62.1%,51.0%,6.1%,28.0%,75.0%,4/8,0:56
10‑Apr‑2023,Hard,R16,Giovanni Mpetshi Perricard,4-6 7-6(2) 6-4,0.76,8.5%,2.1%,78.7%,75.7%,55.0%,Thiago Agustin Tirante,46.8%,21.7%,17.4%,10.9%,37.8%,1/2,1:58
10‑Apr‑2023,Hard,R32,Alexis Galarneau,2-6 7-5 6-2,1.06,7.4%,4.9%,70.4%,77.2%,41.7%,Thiago Agustin Tirante,50.3%,35.2%,10.2%,22.6%,54.3%,3/6,1:53
3‑Apr‑2023,Clay,QF,Jan Choinski,6-4 6-4,0.54,17.3%,9.6%,59.6%,74.2%,47.6%,Thiago Agustin Tirante,41.7%,19.6%,9.8%,14.3%,26.1%,0/1,1:15
3‑Apr‑2023,Clay,R16,Francisco Comesana,6-2 6-3,2.08,12.0%,8.0%,54.0%,96.3%,56.5%,Thiago Agustin Tirante,62.2%,45.8%,6.3%,33.3%,55.6%,3/7,1:08
3‑Apr‑2023,Clay,R32,James Duckworth,7-6(4) 4-6 6-3,1.03,11.7%,4.9%,58.3%,80.0%,48.8%,Thiago Agustin Tirante,51.0%,34.0%,12.4%,21.6%,47.8%,2/7,2:15
27‑Mar‑2023,Clay,F,Dominik Koepfer,2-6 6-4 6-2,0.85,2.2%,2.2%,50.6%,60.0%,56.8%,Thiago Agustin Tirante,47.9%,35.5%,9.2%,19.4%,50.0%,3/8,2:10
27‑Mar‑2023,Clay,SF,Jan Choinski,7-6(5) 4-6 6-4,0.94,8.8%,2.7%,60.8%,71.1%,46.6%,Thiago Agustin Tirante,50.6%,36.0%,7.2%,20.6%,56.3%,3/12,3:16
27‑Mar‑2023,Clay,QF,Nicolas Mejia,6-1 3-6 7-6(4),1.20,5.8%,8.1%,48.8%,81.0%,54.5%,Thiago Agustin Tirante,53.2%,39.1%,8.0%,25.5%,58.3%,3/6,2:19
27‑Mar‑2023,Clay,R16,Renzo Olivo,6-7(9) 6-4 6-3,1.26,6.2%,8.2%,63.9%,82.3%,48.6%,Thiago Agustin Tirante,52.6%,37.7%,2.6%,19.4%,63.8%,4/8,2:26
27‑Mar‑2023,Clay,R32,Bernard Tomic,6-2 6-2,1.91,10.4%,6.3%,64.6%,77.4%,64.7%,Thiago Agustin Tirante,61.8%,51.9%,7.4%,34.6%,67.9%,4/7,0:56
12‑Mar‑2023,Clay,R16,Andrea Vavassori,6-3 6-3,0.71,4.8%,0.0%,75.8%,57.4%,53.3%,Thiago Agustin Tirante,44.2%,31.0%,0.0%,25.6%,42.1%,0/4,1:30
12‑Mar‑2023,Clay,R32,Facundo Diaz Acosta,6-1 4-3 RET,1.57,4.4%,2.2%,60.0%,77.8%,55.6%,Thiago Agustin Tirante,59.1%,48.8%,0.0%,40.0%,56.5%,3/7,1:15
6‑Mar‑2023,Clay,R32,Andrea Vavassori,6-4 6-4,0.53,1.8%,3.6%,70.9%,69.2%,56.3%,Thiago Agustin Tirante,43.3%,18.4%,10.2%,3.4%,40.0%,0/0,1:10
13‑Feb‑2023,Clay,Q1,Juan Pablo Varillas,6-2 6-4,0.51,4.1%,2.0%,73.5%,63.9%,46.2%,Thiago Agustin Tirante,40.2%,20.8%,6.3%,14.8%,28.6%,0/2,1:26
6‑Feb‑2023,Clay,Q2,Federico Delbonis,6-1 7-5,0.66,0.0%,1.7%,68.3%,53.7%,57.9%,Thiago Agustin Tirante,42.7%,29.8%,10.5%,27.8%,33.3%,1/4,1:32
6‑Feb‑2023,Clay,Q1,Andrea Collarini,3-6 6-4 6-2,1.20,3.9%,0.0%,79.2%,70.5%,50.0%,Thiago Agustin Tirante,53.2%,40.5%,1.3%,36.1%,55.6%,4/9,2:06
23‑Jan‑2023,Clay,R32,Camilo Ugo Carabelli,6-4 4-6 7-5,0.92,3.7%,3.7%,71.0%,61.8%,54.8%,Thiago Agustin Tirante,48.2%,36.9%,0.0%,32.1%,51.9%,3/11,3:03
16‑Jan‑2023,Hard,Q2,Aleksandar Vukic,7-6(4) 6-3,0.62,4.1%,8.1%,70.3%,67.3%,50.0%,Thiago Agustin Tirante,45.7%,23.6%,14.5%,14.3%,40.0%,1/1,1:30
16‑Jan‑2023,Hard,Q1,Facundo Mena,6-1 6-1,2.89,11.1%,0.0%,66.7%,83.3%,75.0%,Thiago Agustin Tirante,66.7%,56.3%,0.0%,48.3%,68.4%,5/8,0:54
2‑Jan‑2023,Hard,R32,Giovanni Fonio,5-7 7-6(3) 7-6(7),1.01,6.3%,0.9%,69.4%,70.1%,55.9%,Thiago Agustin Tirante,49.4%,34.7%,2.4%,35.1%,34.0%,4/8,3:06
21‑Nov‑2022,Hard,R16,Guido Andreozzi,7-6(4) 6-7(7) 6-4,0.66,9.9%,2.8%,65.5%,72.0%,49.0%,Thiago Agustin Tirante,47.3%,23.8%,4.0%,20.5%,32.1%,0/0,3:06
21‑Nov‑2022,Hard,R32,Daniel Dutra Da Silva,6-3 5-3 RET,2.08,9.3%,7.0%,65.1%,85.7%,66.7%,Thiago Agustin Tirante,59.2%,43.6%,3.6%,35.5%,54.2%,3/4,1:05
14‑Nov‑2022,Clay,R32,Joao Fonseca,6-4 7-6(2),0.97,6.0%,1.5%,62.7%,71.4%,48.0%,Thiago Agustin Tirante,48.6%,36.4%,0.0%,36.0%,37.0%,1/6,1:48
31‑Oct‑2022,Clay,R32,Jan Choinski,6-3 7-6(5),1.04,6.3%,0.0%,63.5%,72.5%,60.9%,Thiago Agustin Tirante,48.9%,32.9%,5.3%,26.3%,52.6%,1/4,1:46
24‑Oct‑2022,Clay,R16,Roman Andres Burruchaga,3-6 6-2 6-4,0.84,4.1%,2.7%,53.4%,61.5%,58.8%,Thiago Agustin Tirante,46.9%,33.3%,1.4%,29.4%,42.9%,3/6,1:55
24‑Oct‑2022,Clay,R32,Miljan Zekic,6-4 6-4,1.19,4.8%,1.6%,79.4%,66.0%,38.5%,Thiago Agustin Tirante,53.3%,47.3%,4.1%,39.2%,65.2%,4/9,1:36
17‑Oct‑2022,Clay,SF,Facundo Bagnis,6-3 6-7(3) 7-6(5),1.11,14.4%,6.2%,61.9%,85.0%,51.4%,Thiago Agustin Tirante,50.0%,31.0%,10.6%,23.9%,42.9%,1/7,2:41
17‑Oct‑2022,Clay,QF,Facundo Mena,6-2 7-5,1.16,7.9%,3.9%,67.1%,72.5%,56.0%,Thiago Agustin Tirante,55.0%,38.2%,9.1%,34.3%,45.0%,3/6,1:34
17‑Oct‑2022,Clay,R16,Kiranpal Pannu,6-2 6-2,2.09,12.8%,4.3%,63.8%,90.0%,52.9%,Thiago Agustin Tirante,63.0%,48.9%,0.0%,41.9%,64.3%,4/8,1:06
17‑Oct‑2022,Clay,R32,Alvaro Guillen Meza,7-6(3) 7-5,1.07,4.3%,4.3%,60.0%,81.0%,64.3%,Thiago Agustin Tirante,52.3%,27.4%,1.6%,26.1%,31.3%,2/2,1:29
10‑Oct‑2022,Clay,R32,Juan Manuel Cerundolo,6-1 5-7 7-6(7),0.93,4.1%,0.8%,65.3%,59.5%,50.0%,Thiago Agustin Tirante,48.2%,40.6%,0.0%,33.0%,57.5%,4/9,3:01
26‑Sep‑2022,Clay,R32,Facundo Bagnis,6-1 6-4,0.73,9.8%,2.0%,66.7%,58.8%,47.1%,Thiago Agustin Tirante,42.6%,32.8%,4.7%,31.1%,36.8%,0/6,1:27
19‑Sep‑2022,Clay,R32,Ivan Gakhov,6-7(5) 7-5 6-1,0.87,4.5%,5.6%,60.7%,63.0%,42.9%,Thiago Agustin Tirante,46.8%,39.2%,3.1%,33.9%,48.6%,4/4,2:19
12‑Sep‑2022,Clay,R32,Dennis Novak,7-6(4) 6-3,0.87,1.4%,4.1%,71.6%,56.6%,52.4%,Thiago Agustin Tirante,47.5%,38.8%,1.5%,34.2%,44.8%,3/9,1:44
5‑Sep‑2022,Clay,R32,Norbert Gombos,7-5 6-4,0.75,5.3%,3.9%,61.8%,61.7%,55.2%,Thiago Agustin Tirante,46.1%,30.8%,3.1%,31.6%,29.6%,1/3,1:38
29‑Aug‑2022,Hard,Q1,Carlos Taberner,6-4 6-2,0.51,3.8%,3.8%,64.2%,67.6%,36.8%,Thiago Agustin Tirante,39.8%,22.0%,6.0%,23.1%,20.8%,0/1,1:16
15‑Aug‑2022,Clay,QF,Daniel Elahi Galan,6-3 7-6(4),0.90,9.4%,3.1%,60.9%,71.8%,36.0%,Thiago Agustin Tirante,47.1%,38.2%,2.6%,34.1%,43.8%,2/6,1:47
15‑Aug‑2022,Clay,R16,Nick Hardt,6-2 6-4,1.71,3.8%,1.9%,69.2%,75.0%,75.0%,Thiago Agustin Tirante,58.3%,42.9%,0.0%,38.7%,48.0%,3/6,1:20
15‑Aug‑2022,Clay,R32,Juan Pablo Varillas,3-6 6-4 7-5,0.90,4.8%,1.9%,58.1%,57.4%,56.8%,Thiago Agustin Tirante,48.3%,38.5%,4.2%,21.7%,66.7%,4/8,3:02
8‑Aug‑2022,Clay,F,Camilo Ugo Carabelli,6-2 7-6(4),0.81,7.4%,2.9%,72.1%,63.3%,15.8%,Thiago Agustin Tirante,44.9%,40.5%,1.3%,32.8%,61.9%,3/10,2:07
8‑Aug‑2022,Clay,SF,Gonzalo Bueno,7-6(5) 4-6 7-5,0.94,0.8%,2.4%,63.8%,56.8%,54.3%,Thiago Agustin Tirante,48.6%,41.5%,0.0%,36.1%,57.6%,5/18,3:14
8‑Aug‑2022,Clay,QF,Juan Pablo Varillas,6-4 6-3,1.33,1.6%,1.6%,68.8%,72.7%,45.0%,Thiago Agustin Tirante,55.8%,47.7%,0.0%,34.2%,66.7%,4/6,1:43
8‑Aug‑2022,Clay,R16,Nick Chappell,6-4 6-0,1.76,2.0%,0.0%,74.0%,75.7%,61.5%,Thiago Agustin Tirante,59.6%,49.2%,1.7%,44.7%,66.7%,4/8,1:21
8‑Aug‑2022,Clay,R32,Conner Huertas Del Pino,6-3 6-2,1.62,7.3%,1.8%,70.9%,87.2%,37.5%,Thiago Agustin Tirante,58.9%,44.2%,3.8%,37.5%,66.7%,3/6,1:18
25‑Jul‑2022,Clay,R16,Alexander Ritschard,7-6(6) 6-4,0.63,18.7%,2.7%,66.7%,74.0%,56.0%,Thiago Agustin Tirante,46.7%,20.0%,3.3%,15.8%,27.3%,0/0,1:39
25‑Jul‑2022,Clay,R32,Facundo Mena,4-6 6-2 6-3,1.13,5.3%,6.4%,72.3%,67.6%,46.2%,Thiago Agustin Tirante,52.7%,43.3%,7.8%,25.5%,62.8%,5/9,2:05
18‑Jul‑2022,Clay,R16,Laurent Lokoli,3-6 6-2 6-3,0.80,4.0%,1.0%,64.6%,59.4%,45.7%,Thiago Agustin Tirante,46.2%,36.1%,0.0%,31.4%,43.8%,2/4,2:18
18‑Jul‑2022,Clay,R32,Filip Horansky,6-3 6-2,1.27,6.8%,1.7%,72.9%,62.8%,62.5%,Thiago Agustin Tirante,55.1%,47.5%,0.0%,48.8%,43.8%,4/10,1:10
11‑Jul‑2022,Clay,R32,Marco Cecchinato,7-5 6-3,0.75,2.9%,1.4%,72.9%,56.9%,52.6%,Thiago Agustin Tirante,45.1%,33.3%,3.2%,28.0%,53.8%,2/4,1:37
4‑Jul‑2022,Clay,R16,Daniel Masur,6-4 6-1,0.66,6.4%,4.3%,66.0%,61.3%,43.8%,Thiago Agustin Tirante,41.0%,29.3%,3.4%,21.1%,45.0%,0/9,1:15
4‑Jul‑2022,Clay,R32,Andrey Chepelev,4-6 6-3 6-2,1.10,0.0%,2.2%,74.4%,73.1%,34.8%,Thiago Agustin Tirante,53.1%,40.3%,4.2%,40.8%,39.1%,4/7,2:22
27‑Jun‑2022,Clay,SF,Juan Bautista Torres,6-4 3-6 7-5,0.86,3.8%,2.9%,61.5%,65.6%,60.0%,Thiago Agustin Tirante,48.7%,31.5%,1.1%,25.0%,48.0%,2/5,2:27
27‑Jun‑2022,Clay,QF,Michael Geerts,6-3 6-4,1.12,4.8%,3.2%,61.3%,71.1%,70.8%,Thiago Agustin Tirante,54.1%,32.7%,8.2%,20.0%,52.6%,2/4,1:20
27‑Jun‑2022,Clay,R16,Filip Cristian Jianu,6-4 6-7(5) 6-2,1.22,6.2%,3.5%,66.4%,68.0%,57.9%,Thiago Agustin Tirante,54.0%,43.2%,0.0%,35.7%,50.9%,5/13,2:38
27‑Jun‑2022,Clay,R32,Kacper Zuk,7-5 6-1,1.68,3.8%,1.9%,62.3%,66.7%,70.0%,Thiago Agustin Tirante,61.0%,53.8%,3.8%,28.6%,71.0%,5/6,1:16
27‑Jun‑2022,Grass,Q2,Jason Kubler,6-3 3-6 7-5,0.67,9.6%,2.6%,55.3%,74.6%,43.1%,Thiago Agustin Tirante,46.8%,26.3%,7.9%,22.4%,33.3%,2/4,2:33
27‑Jun‑2022,Grass,Q1,Frederico Ferreira Silva,6-4 6-2,1.33,20.3%,3.1%,70.3%,73.3%,57.9%,Thiago Agustin Tirante,55.6%,41.7%,3.3%,40.0%,43.3%,3/8,1:23
30‑May‑2022,Clay,R32,Evgeny Donskoy,6-3 6-2,0.71,2.2%,2.2%,67.4%,61.3%,46.7%,Thiago Agustin Tirante,42.9%,30.8%,3.8%,23.5%,34.3%,0/3,1:13
23‑May‑2022,Clay,R32,Andrey Chepelev,6-4 5-7 6-2,1.01,0.0%,4.8%,66.3%,72.7%,50.0%,Thiago Agustin Tirante,48.2%,35.2%,0.9%,30.6%,52.2%,1/9,2:47
9‑May‑2022,Clay,QF,Daniel Altmaier,6-3 6-2,0.61,1.8%,3.6%,76.4%,47.6%,46.2%,Thiago Agustin Tirante,40.2%,31.9%,6.4%,15.4%,52.4%,1/2,1:13
9‑May‑2022,Clay,R16,Camilo Ugo Carabelli,6-2 6-1,1.44,3.2%,4.8%,54.0%,61.8%,51.7%,Thiago Agustin Tirante,59.0%,61.9%,0.0%,60.9%,63.2%,6/8,1:21
9‑May‑2022,Clay,R32,Max Hans Rehberg,3-6 6-4 6-4,1.02,3.7%,3.7%,63.6%,57.4%,53.8%,Thiago Agustin Tirante,50.5%,44.7%,4.9%,31.0%,62.2%,5/15,2:28
28‑Mar‑2022,Clay,QF,Juan Pablo Varillas,6-2 3-6 6-3,0.73,5.7%,3.4%,56.8%,78.0%,28.9%,Thiago Agustin Tirante,45.6%,31.4%,15.7%,23.7%,40.6%,2/6,2:05
28‑Mar‑2022,Clay,R16,Yshai Oliel,6-4 3-6 7-5,1.00,4.5%,5.5%,48.2%,58.5%,47.4%,Thiago Agustin Tirante,50.3%,47.2%,3.4%,41.3%,61.5%,7/14,2:38
28‑Mar‑2022,Clay,R32,Gonzalo Lama,7-6(6) 6-4,1.24,13.0%,2.9%,62.3%,69.8%,69.2%,Thiago Agustin Tirante,53.6%,37.7%,0.0%,38.0%,36.8%,2/4,1:50
21‑Mar‑2022,Hard,Q1,Emilio Gomez,7-6(4) 4-6 6-3,1.17,14.6%,2.4%,69.5%,80.7%,64.0%,Thiago Agustin Tirante,50.3%,28.4%,5.3%,18.9%,40.5%,2/2,2:17
14‑Mar‑2022,Clay,QF,Hugo Dellien,6-0 6-3,0.53,0.0%,6.5%,67.4%,45.2%,13.3%,Thiago Agustin Tirante,34.8%,34.9%,2.3%,38.5%,29.4%,2/4,1:12
14‑Mar‑2022,Clay,R16,Evan Furness,7-6(4) 6-0,1.87,2.0%,0.0%,78.0%,79.5%,63.6%,Thiago Agustin Tirante,59.3%,44.8%,1.7%,44.7%,45.0%,4/6,1:16
14‑Mar‑2022,Clay,R32,Daniel Antonio Nunez,7-6(5) 6-3,1.08,1.4%,5.4%,68.9%,60.8%,56.5%,Thiago Agustin Tirante,52.1%,43.9%,1.5%,37.0%,60.0%,4/9,1:41
7‑Mar‑2022,Clay,R32,Juan Pablo Varillas,6-4 6-3,0.66,1.6%,6.3%,73.0%,65.2%,17.6%,Thiago Agustin Tirante,43.2%,31.3%,2.1%,20.0%,61.5%,1/2,1:26
7‑Feb‑2022,Clay,Q1,Thiago Seyboth Wild,6-3 2-0 RET,0.29,0.0%,2.4%,54.8%,56.5%,42.1%,Thiago Agustin Tirante,35.7%,14.3%,10.7%,21.1%,0.0%,0/0,1:02
31‑Jan‑2022,Clay,Q2,Alejandro Tabilo,6-3 6-4,0.64,3.3%,0.0%,65.0%,64.1%,42.9%,Thiago Agustin Tirante,42.4%,27.6%,15.5%,10.5%,60.0%,0/0,1:20
31‑Jan‑2022,Clay,Q1,Zdenek Kolar,7-5 6-3,1.19,1.5%,0.0%,60.3%,61.0%,63.0%,Thiago Agustin Tirante,53.1%,45.3%,2.7%,38.9%,51.3%,4/12,1:52
24‑Jan‑2022,Clay,R16,Francisco Cerundolo,6-3 3-6 7-6(5),1.03,6.3%,5.2%,55.2%,62.3%,51.2%,Thiago Agustin Tirante,50.0%,43.9%,0.9%,39.7%,52.8%,5/10,2:51
24‑Jan‑2022,Clay,R32,Juan Carlos Prado Angelo,6-4 6-4,1.62,1.9%,1.9%,54.7%,86.2%,58.3%,Thiago Agustin Tirante,56.1%,42.9%,1.4%,31.0%,60.7%,3/6,1:33
17‑Jan‑2022,Hard,Q2,Tomas Barrios Vera,6-4 7-6(1),0.84,8.0%,9.3%,57.3%,74.4%,43.8%,Thiago Agustin Tirante,47.3%,32.4%,1.4%,26.2%,41.4%,1/2,1:46
17‑Jan‑2022,Hard,Q1,Brayden Schnur,6-4 1-6 6-4,0.96,2.6%,10.3%,57.7%,68.9%,45.5%,Thiago Agustin Tirante,49.1%,39.5%,8.6%,33.3%,51.9%,4/8,1:56
8‑Nov‑2021,Clay,R32,Santiago Fa Rodriguez Taverna,4-6 6-3 7-6(3),0.88,5.0%,1.0%,66.3%,64.2%,50.0%,Thiago Agustin Tirante,47.5%,35.6%,3.0%,32.8%,40.5%,4/12,2:29
1‑Nov‑2021,Clay,R32,Nicolas Alvarez,4-6 7-5 6-3,0.74,11.2%,3.4%,65.2%,70.7%,54.8%,Thiago Agustin Tirante,46.0%,25.9%,0.0%,22.2%,36.4%,1/4,2:11
18‑Oct‑2021,Clay,R32,Renzo Olivo,6-4 6-0,0.43,3.6%,5.5%,78.2%,53.5%,25.0%,Thiago Agustin Tirante,36.4%,22.7%,2.3%,14.3%,37.5%,0/1,1:08
11‑Oct‑2021,Clay,R16,Gerald Melzer,6-2 6-0,0.44,2.4%,0.0%,73.8%,51.6%,18.2%,Thiago Agustin Tirante,34.1%,25.0%,2.5%,26.3%,0.0%,0/1,1:10
4‑Oct‑2021,Clay,R16,Gerald Melzer,6-4 6-2,0.63,3.8%,3.8%,69.2%,58.3%,37.5%,Thiago Agustin Tirante,41.0%,30.2%,1.9%,31.6%,26.7%,1/4,1:20
4‑Oct‑2021,Clay,R32,Juan Ignacio Londero,6-2 6-3,1.63,3.4%,0.0%,81.0%,76.6%,54.5%,Thiago Agustin Tirante,59.6%,45.1%,2.0%,35.3%,64.7%,3/5,1:19
27‑Sep‑2021,Clay,R32,Gonzalo Lama,6-3 3-6 6-1,0.87,5.6%,2.8%,68.1%,57.1%,47.8%,Thiago Agustin Tirante,46.3%,39.8%,4.5%,37.1%,46.2%,3/12,1:59
20‑Sep‑2021,Clay,F,Juan Pablo Varillas,7-5 7-5,1.47,13.8%,0.0%,70.8%,80.4%,68.4%,Thiago Agustin Tirante,54.9%,33.8%,5.9%,24.3%,45.2%,2/7,1:35
20‑Sep‑2021,Clay,SF,Facundo Mena,7-5 5-7 6-3,1.11,11.1%,3.7%,64.8%,72.9%,44.7%,Thiago Agustin Tirante,52.1%,41.1%,5.6%,35.0%,48.9%,4/11,2:26
20‑Sep‑2021,Clay,QF,Gerald Melzer,6-3 6-4,1.48,18.6%,3.4%,72.9%,79.1%,56.3%,Thiago Agustin Tirante,55.6%,40.0%,9.2%,34.1%,52.4%,2/10,1:23
20‑Sep‑2021,Clay,R16,Carlos Gomez Herrera,7-6(5) 3-6 7-6(1),1.31,14.4%,0.0%,70.0%,84.1%,70.4%,Thiago Agustin Tirante,51.3%,26.2%,4.9%,22.9%,33.3%,0/2,2:14
20‑Sep‑2021,Clay,R32,Cristian Rodriguez,7-6(4) 4-6 7-6(5),0.68,7.8%,2.6%,65.2%,81.3%,57.5%,Thiago Agustin Tirante,48.6%,18.3%,7.5%,11.7%,30.3%,0/0,2:19
13‑Sep‑2021,Clay,QF,Gonzalo Lama,7-6(5) 7-6(4),1.13,13.9%,8.9%,57.0%,86.7%,61.8%,Thiago Agustin Tirante,49.7%,27.2%,7.6%,20.0%,37.8%,0/11,1:53
13‑Sep‑2021,Clay,R16,Adrian Menendez Maceiras,7-5 6-2,1.40,14.5%,8.7%,52.2%,86.1%,51.5%,Thiago Agustin Tirante,56.2%,42.6%,2.9%,27.3%,57.1%,3/7,1:43
13‑Sep‑2021,Clay,R32,Patrick Kypson,6-7(7) 6-1 6-3,1.89,13.0%,3.9%,57.1%,79.5%,81.8%,Thiago Agustin Tirante,56.4%,36.8%,11.6%,21.1%,60.5%,4/11,1:59
23‑Aug‑2021,Clay,SF,Flavio Cobolli,6-1 1-6 7-5,0.96,1.3%,3.9%,71.4%,58.2%,50.0%,Thiago Agustin Tirante,48.8%,42.4%,1.2%,43.5%,41.0%,4/12,1:53
23‑Aug‑2021,Clay,QF,Nicolas Alvarez,6-2 6-2,2.46,10.0%,2.5%,77.5%,83.9%,66.7%,Thiago Agustin Tirante,61.2%,49.2%,1.6%,32.4%,73.1%,4/4,1:19
23‑Aug‑2021,Clay,R16,Andrej Martin,7-6(3) 6-2,1.31,1.6%,1.6%,71.0%,70.5%,44.4%,Thiago Agustin Tirante,55.3%,48.6%,1.4%,42.9%,57.1%,4/10,1:41
23‑Aug‑2021,Clay,R32,Petros Chrysochos,6-1 4-6 6-2,1.35,2.9%,4.4%,67.6%,69.6%,45.5%,Thiago Agustin Tirante,56.7%,51.5%,0.0%,47.9%,61.1%,7/11,1:39
16‑Aug‑2021,Clay,Q2,Matheus Pucinelli De Almeida,6-3 3-6 7-5,0.73,1.0%,1.0%,66.3%,71.0%,48.6%,Thiago Agustin Tirante,48.0%,26.7%,1.3%,28.9%,23.3%,2/4,2:27
2‑Aug‑2021,Clay,R16,Stefano Travaglia,6-7(7) 6-3 6-4,0.86,1.0%,1.0%,71.7%,62.0%,50.0%,Thiago Agustin Tirante,47.4%,35.5%,7.5%,28.8%,43.9%,3/3,2:48
2‑Aug‑2021,Clay,R32,Quentin Halys,6-4 7-6(5),1.45,0.0%,0.0%,70.4%,68.0%,81.0%,Thiago Agustin Tirante,55.2%,41.0%,3.6%,34.8%,48.6%,2/8,1:48
26‑Jul‑2021,Clay,F,Tomas Martin Etcheverry,6-1 6-1,0.30,3.4%,1.7%,74.6%,40.9%,46.7%,Thiago Agustin Tirante,33.0%,17.1%,5.7%,20.7%,0.0%,0/0,1:13
26‑Jul‑2021,Clay,SF,Damir Dzumhur,6-3 6-3,1.73,4.0%,4.0%,72.0%,80.6%,57.1%,Thiago Agustin Tirante,58.2%,45.0%,1.7%,44.7%,46.2%,3/6,1:15
26‑Jul‑2021,Clay,QF,Orlando Luz,7-5 6-4,1.23,6.3%,1.6%,64.1%,70.7%,52.2%,Thiago Agustin Tirante,53.2%,44.2%,5.2%,23.9%,74.2%,4/14,1:47
26‑Jul‑2021,Clay,R16,Riccardo Bonadio,6-4 6-2,2.14,2.2%,2.2%,62.2%,85.7%,70.6%,Thiago Agustin Tirante,59.4%,42.9%,1.8%,35.7%,50.0%,3/8,1:21
26‑Jul‑2021,Clay,R32,Andrea Pellegrino,6-3 6-1,1.59,2.0%,4.0%,62.0%,80.6%,42.1%,Thiago Agustin Tirante,60.2%,54.2%,2.1%,45.2%,70.6%,5/8,1:15
26‑Jul‑2021,Clay,Q2,Giovanni Fonio,6-3 6-3,1.79,4.3%,0.0%,61.7%,86.2%,61.1%,Thiago Agustin Tirante,57.8%,41.8%,1.8%,39.3%,44.4%,3/6,1:20
26‑Jul‑2021,Clay,Q1,Matteo Arnaldi,6-2 6-2,2.44,11.4%,0.0%,70.5%,87.1%,61.5%,Thiago Agustin Tirante,63.8%,50.0%,2.0%,40.0%,60.0%,4/5,1:10
12‑Jul‑2021,Clay,R16,Federico Gaio,6-7(1) 6-1 7-6(2),0.96,6.2%,3.1%,74.2%,68.1%,32.0%,Thiago Agustin Tirante,47.6%,39.4%,4.5%,29.6%,54.9%,3/11,2:41
12‑Jul‑2021,Clay,R32,Skander Mansouri,6-3 6-2,1.63,0.0%,1.8%,82.5%,72.3%,70.0%,Thiago Agustin Tirante,58.6%,45.8%,5.1%,30.2%,87.5%,3/8,1:13
14‑Jun‑2021,Clay,R32,Lucas Gerch,7-6(6) 3-6 6-3,0.88,2.9%,3.8%,66.7%,60.0%,48.6%,Thiago Agustin Tirante,48.0%,38.7%,7.5%,29.8%,47.8%,5/9,2:37
14‑Jun‑2021,Clay,Q2,Tobias Simon,7-6(3) 6-3,1.44,4.7%,3.1%,76.6%,77.6%,66.7%,Thiago Agustin Tirante,55.5%,35.9%,17.2%,27.3%,45.2%,2/4,1:28
14‑Jun‑2021,Clay,Q1,Lorenzo Angelini,6-0 6-4,2.22,6.7%,2.2%,68.9%,80.6%,71.4%,Thiago Agustin Tirante,60.9%,49.2%,0.0%,48.8%,50.0%,4/9,1:12
7‑Jun‑2021,Hard,R16,Jc Aragone,6-3 7-5,0.85,6.9%,5.2%,55.2%,65.6%,42.3%,Thiago Agustin Tirante,46.0%,38.2%,1.5%,34.8%,45.5%,2/5,1:43
7‑Jun‑2021,Hard,R32,Stefan Kozlov,6-3 6-1,1.92,6.8%,6.8%,63.6%,82.1%,62.5%,Thiago Agustin Tirante,60.6%,48.0%,6.0%,38.2%,68.8%,4/6,1:16
7‑Jun‑2021,Hard,Q2,Nick Chappell,6-3 6-4,1.68,3.7%,5.6%,61.1%,78.8%,71.4%,Thiago Agustin Tirante,57.7%,40.4%,1.8%,31.4%,54.5%,2/3,1:31
7‑Jun‑2021,Hard,Q1,Sebastian Fanselow,6-2 3-6 6-4,1.27,6.4%,5.1%,60.3%,74.5%,45.2%,Thiago Agustin Tirante,54.4%,47.3%,4.4%,38.7%,65.5%,6/11,2:30
31‑May‑2021,Hard,R32,Darian King,6-4 6-4,0.86,3.1%,4.6%,64.6%,71.4%,39.1%,Thiago Agustin Tirante,47.0%,34.3%,0.0%,30.2%,50.0%,1/2,1:34
26‑Apr‑2021,Hard,SF,Emilio Gomez,1-6 7-5 4-3 RET,1.11,2.7%,5.4%,60.8%,62.2%,51.7%,Thiago Agustin Tirante,51.9%,46.6%,2.3%,39.1%,66.7%,6/10,2:19
26‑Apr‑2021,Hard,QF,Jc Aragone,6-4 4-6 6-1,1.13,4.3%,2.2%,64.5%,68.3%,48.5%,Thiago Agustin Tirante,53.1%,43.9%,2.4%,37.5%,52.9%,5/10,2:20
26‑Apr‑2021,Hard,R16,Pedro Sakamoto,6-3 0-0 RET,1.71,5.3%,0.0%,57.9%,72.7%,62.5%,Thiago Agustin Tirante,58.6%,53.8%,0.0%,47.6%,61.1%,3/8,0:46
26‑Apr‑2021,Hard,R32,Altug Celikbilek,6-2 6-4,1.53,7.5%,0.0%,83.0%,72.7%,66.7%,Thiago Agustin Tirante,56.6%,43.3%,10.0%,20.5%,85.7%,3/7,1:16
19‑Apr‑2021,Hard,QF,Nicolas Jarry,7-6(3) 6-4,0.59,2.7%,1.4%,58.1%,74.4%,51.6%,Thiago Agustin Tirante,44.5%,20.6%,9.5%,5.7%,39.3%,0/2,1:43
19‑Apr‑2021,Hard,R16,Kevin King,6-1 6-2,1.98,9.3%,0.0%,72.1%,80.6%,41.7%,Thiago Agustin Tirante,65.1%,60.0%,0.0%,44.4%,72.7%,5/8,1:03
19‑Apr‑2021,Hard,R32,Vladyslav Orlov,6-2 6-7(4) 6-3,1.27,8.3%,3.6%,63.1%,69.8%,48.4%,Thiago Agustin Tirante,54.7%,48.4%,0.0%,42.1%,57.9%,7/12,2:27
1‑Mar‑2021,Clay,R32,Dominik Koepfer,2-6 6-3 6-4,0.86,5.4%,2.7%,62.2%,67.4%,64.3%,Thiago Agustin Tirante,47.1%,29.1%,2.5%,20.8%,41.9%,2/6,1:51
30‑Nov‑2020,Clay,R32,Dmitry Popko,5-7 7-5 6-2,0.81,3.2%,5.6%,59.7%,60.8%,40.0%,Thiago Agustin Tirante,46.4%,38.8%,7.1%,25.6%,47.5%,4/8,3:12
23‑Nov‑2020,Clay,F,Daniel Elahi Galan,6-1 3-6 6-3,0.84,6.9%,1.4%,62.5%,60.0%,51.9%,Thiago Agustin Tirante,45.6%,36.0%,2.3%,26.5%,48.6%,2/5,1:52
23‑Nov‑2020,Clay,SF,Vitaliy Sachko,6-2 6-4,1.29,1.5%,1.5%,74.6%,70.0%,58.8%,Thiago Agustin Tirante,55.6%,42.4%,0.0%,26.5%,64.0%,3/9,1:43
23‑Nov‑2020,Clay,QF,Francisco Cerundolo,6-2 6-0,2.57,2.7%,0.0%,83.8%,77.4%,66.7%,Thiago Agustin Tirante,68.8%,62.5%,2.5%,59.3%,69.2%,5/8,0:58
23‑Nov‑2020,Clay,R16,Oriol Roca Batalla,6-3 6-3,1.59,3.9%,0.0%,78.4%,70.0%,72.7%,Thiago Agustin Tirante,57.5%,46.8%,3.2%,44.4%,52.9%,4/8,1:34
23‑Nov‑2020,Clay,R32,Pedro Sousa,6-2 6-1,1.49,0.0%,0.0%,66.7%,71.1%,47.4%,Thiago Agustin Tirante,59.3%,54.9%,0.0%,57.1%,50.0%,5/8,1:17
23‑Nov‑2020,Clay,Q2,Collin Altamirano,6-4 6-4,1.12,0.0%,3.2%,63.5%,72.5%,30.4%,Thiago Agustin Tirante,53.0%,48.1%,3.7%,46.9%,50.0%,5/6,1:30
16‑Nov‑2020,Clay,R32,Tomas Barrios Vera,6-3 6-2,0.50,3.8%,0.0%,73.8%,54.2%,42.9%,Thiago Agustin Tirante,41.6%,24.4%,4.4%,18.5%,33.3%,0/3,1:36
16‑Nov‑2020,Clay,Q2,Nicolas Alvarez,6-4 6-7(6) 7-5,1.02,6.9%,2.0%,71.6%,69.9%,55.2%,Thiago Agustin Tirante,50.8%,35.1%,3.1%,26.9%,53.3%,5/7,2:43
16‑Nov‑2020,Clay,Q1,Agustin Velotti,7-6(2) 2-6 6-4,1.00,2.9%,3.9%,65.7%,64.2%,45.7%,Thiago Agustin Tirante,50.0%,42.3%,1.0%,41.9%,42.9%,4/13,2:51
27‑Jan‑2020,Clay,R64,Genaro Alberto Olivieri,6-1 6-4,0.75,0.0%,7.4%,50.0%,55.6%,33.3%,Thiago Agustin Tirante,43.0%,41.8%,1.5%,34.8%,57.1%,2/7,1:27
23‑Sep‑2019,Clay,R32,Thiago Monteiro,6-1 6-2,0.35,4.7%,2.3%,79.1%,55.9%,22.2%,Thiago Agustin Tirante,34.1%,17.9%,15.4%,18.5%,16.7%,0/0,0:46
23‑Sep‑2019,Clay,R64,Rafael Matos,6-4 7-5,1.12,0.0%,4.7%,75.0%,66.7%,50.0%,Thiago Agustin Tirante,52.4%,41.9%,1.6%,36.4%,55.6%,5/8,1:24
9‑Oct‑2017,Clay,Q1,Juan Bautista Otegui,7-6(10) 6-3,0.91,1.3%,5.1%,68.4%,51.9%,44.0%,Thiago Agustin Tirante,47.7%,46.1%,1.3%,39.5%,54.5%,4/7,1:42
13‑Mar‑2017,Hard,Q1,Christian Lindell,6-2 6-4,0.51,0.0%,11.3%,58.1%,66.7%,42.3%,Thiago Agustin Tirante,41.1%,22.0%,8.0%,14.3%,31.8%,0/0,1:10
