Date,Surface,Rd,Opponent,Score,DR,A%,DF%,1stIn,1st%,2nd%,Player,Ret_TPW,Ret_RPW,Ret_vA%,Ret_v1st%,Ret_v2nd%,Ret_BPCnv,Ret_Time
7‑May‑2025,Clay,R128,Laslo Djere,6-3 6-2,0.43,3.9%,3.9%,62.7%,65.6%,36.8%,Tomas Martin Etcheverry,39.1%,19.5%,2.4%,16.0%,25.0%,0/0,1:14
23‑Apr‑2025,Clay,R64,Lorenzo Musetti,7-6(3) 6-2,0.70,7.2%,2.9%,69.6%,66.7%,38.1%,Tomas Martin Etcheverry,44.9%,29.3%,1.7%,29.3%,29.4%,1/1,1:47
23‑Apr‑2025,Clay,R128,Hamad Medjedovic,6-4 6-7(4) 6-4,1.00,7.4%,0.7%,68.1%,68.5%,46.5%,Tomas Martin Etcheverry,51.2%,38.5%,7.3%,37.1%,40.4%,4/12,3:16
14‑Apr‑2025,Clay,R32,Alex De Minaur,6-4 6-4,0.82,0.0%,0.0%,52.0%,80.8%,62.5%,Tomas Martin Etcheverry,47.1%,23.1%,7.7%,17.5%,41.7%,0/0,1:25
7‑Apr‑2025,Clay,R32,Alejandro Davidovich Fokina,7-6(2) 6-3,0.70,7.3%,2.4%,53.7%,63.6%,44.7%,Tomas Martin Etcheverry,44.1%,31.4%,5.7%,24.4%,41.4%,1/8,1:53
7‑Apr‑2025,Clay,R64,Corentin Moutet,4-6 6-1 6-4,1.28,3.8%,2.5%,65.0%,71.2%,60.7%,Tomas Martin Etcheverry,54.3%,41.7%,2.4%,36.7%,48.6%,4/7,2:20
31‑Mar‑2025,Clay,R32,Aleksandar Kovacevic,6-3 6-4,0.89,13.5%,0.0%,53.8%,85.7%,45.8%,Tomas Martin Etcheverry,46.2%,29.2%,4.6%,16.1%,41.2%,0/4,1:38
19‑Mar‑2025,Hard,R128,Gabriel Diallo,6-3 6-0,0.61,0.0%,2.4%,47.6%,45.0%,40.9%,Tomas Martin Etcheverry,38.5%,34.7%,12.2%,22.9%,64.3%,1/4,1:14
11‑Mar‑2025,Hard,QF,Jakub Mensik,6-3 6-7(7) 6-3,0.89,5.2%,3.1%,67.0%,72.3%,53.1%,Tomas Martin Etcheverry,47.1%,30.3%,5.5%,20.0%,45.5%,1/7,2:44
11‑Mar‑2025,Hard,R16,Nicolas Mejia,6-2 6-4,1.36,7.3%,1.8%,72.7%,72.5%,53.3%,Tomas Martin Etcheverry,55.9%,44.6%,1.8%,31.4%,66.7%,4/9,1:48
5‑Mar‑2025,Hard,R128,Jakub Mensik,6-4 7-6(6),0.85,6.3%,4.8%,69.8%,59.1%,47.4%,Tomas Martin Etcheverry,45.8%,38.0%,11.4%,27.3%,51.4%,3/10,1:52
24‑Feb‑2025,Clay,QF,Francisco Cerundolo,4-6 6-3 7-5,0.78,7.4%,3.3%,58.7%,64.8%,46.0%,Tomas Martin Etcheverry,46.4%,33.3%,5.1%,17.2%,56.1%,2/5,2:54
24‑Feb‑2025,Clay,R16,Cristian Garin,6-2 6-4,1.29,10.0%,5.0%,65.0%,71.8%,57.1%,Tomas Martin Etcheverry,55.9%,43.1%,2.0%,44.4%,41.7%,4/8,1:35
24‑Feb‑2025,Clay,R32,Hugo Gaston,6-2 6-3,1.60,8.2%,0.0%,53.1%,61.5%,73.9%,Tomas Martin Etcheverry,58.8%,52.3%,0.0%,43.3%,60.0%,5/14,1:32
17‑Feb‑2025,Clay,R16,Alexandre Muller,7-5 7-6(5),0.79,6.8%,0.0%,60.8%,75.6%,37.9%,Tomas Martin Etcheverry,45.4%,30.8%,6.4%,21.3%,45.2%,2/7,2:08
17‑Feb‑2025,Clay,R32,Corentin Moutet,6-3 7-6(1),1.38,3.1%,4.6%,76.9%,78.0%,46.7%,Tomas Martin Etcheverry,55.3%,40.3%,6.0%,35.7%,48.0%,3/6,1:51
10‑Feb‑2025,Clay,R32,Joao Fonseca,6-3 6-3,0.75,8.2%,1.6%,60.7%,73.0%,25.0%,Tomas Martin Etcheverry,45.1%,34.6%,5.8%,33.3%,37.5%,1/2,1:25
13‑Jan‑2025,Hard,R64,Marcos Giron,7-5 3-6 7-5 3-6 6-4,0.97,9.2%,0.7%,61.4%,63.8%,50.8%,Tomas Martin Etcheverry,49.1%,39.9%,4.9%,34.7%,47.7%,8/19,4:06
13‑Jan‑2025,Hard,R128,Flavio Cobolli,6-7(8) 6-3 7-5 6-1,1.32,11.8%,2.2%,61.8%,76.2%,57.7%,Tomas Martin Etcheverry,54.2%,40.7%,6.7%,39.5%,42.2%,6/15,3:35
6‑Jan‑2025,Hard,R16,Thanasi Kokkinakis,7-5 4-6 7-6(4),1.19,12.6%,0.0%,69.9%,83.3%,51.6%,Tomas Martin Etcheverry,51.4%,31.3%,20.0%,25.6%,45.5%,1/6,3:02
6‑Jan‑2025,Hard,R32,Tristan Schoolkate,7-6(8) 6-3,1.21,5.6%,1.4%,59.2%,78.6%,65.5%,Tomas Martin Etcheverry,53.7%,32.3%,21.5%,13.9%,55.2%,1/2,1:51
27‑Dec‑2024,Hard,RR,Billy Harris,3-6 6-3 6-2,1.17,10.8%,1.1%,65.6%,72.1%,56.3%,Tomas Martin Etcheverry,53.0%,38.9%,10.0%,26.0%,55.0%,3/9,2:44
27‑Dec‑2024,Hard,RR,Alex De Minaur,6-1 6-4,0.60,4.3%,2.1%,59.6%,71.4%,36.8%,Tomas Martin Etcheverry,40.8%,25.5%,15.7%,11.5%,40.0%,0/0,1:16
4‑Nov‑2024,Hard,R16,Lukas Klein,6-4 7-6(6),0.71,9.6%,1.2%,67.5%,67.9%,48.1%,Tomas Martin Etcheverry,46.3%,27.3%,10.6%,25.5%,31.6%,1/1,1:46
4‑Nov‑2024,Hard,R32,Pavel Kotov,6-3 6-4,1.59,8.6%,1.7%,79.3%,80.4%,50.0%,Tomas Martin Etcheverry,57.9%,41.1%,5.4%,35.0%,56.3%,2/7,1:24
28‑Oct‑2024,Hard,R32,Grigor Dimitrov,6-7(9) 6-3 7-5,0.78,15.2%,1.8%,61.6%,75.4%,51.2%,Tomas Martin Etcheverry,46.8%,26.4%,9.4%,21.4%,36.1%,0/3,2:44
28‑Oct‑2024,Hard,R64,Zhizhen Zhang,6-3 7-6(6),1.22,18.4%,2.6%,72.4%,78.2%,52.4%,Tomas Martin Etcheverry,54.2%,35.3%,13.2%,26.8%,48.1%,1/7,1:36
21‑Oct‑2024,Hard,R32,Ben Shelton,6-3 6-4,0.60,13.7%,3.9%,51.0%,88.5%,40.0%,Tomas Martin Etcheverry,42.7%,21.2%,15.4%,15.8%,35.7%,0/1,1:13
14‑Oct‑2024,Hard,R16,Roberto Bautista Agut,7-6(2) 6-4,0.51,23.0%,2.7%,56.8%,83.3%,34.4%,Tomas Martin Etcheverry,43.5%,19.3%,3.5%,10.5%,36.8%,1/1,1:50
14‑Oct‑2024,Hard,R32,Richard Gasquet,7-6(4) 6-4,1.36,11.3%,1.6%,66.1%,70.7%,61.9%,Tomas Martin Etcheverry,54.2%,43.8%,10.0%,32.6%,56.8%,3/4,1:48
2‑Oct‑2024,Hard,R32,Jannik Sinner,6-7(3) 6-4 6-2,0.77,11.7%,1.1%,52.1%,83.7%,37.8%,Tomas Martin Etcheverry,45.7%,29.3%,13.0%,21.9%,46.4%,1/5,2:39
2‑Oct‑2024,Hard,R64,Botic Van De Zandschulp,7-6(5) 3-6 7-5,0.99,6.8%,1.5%,62.4%,68.7%,54.0%,Tomas Martin Etcheverry,50.2%,36.3%,4.8%,21.3%,59.2%,3/10,3:43
25‑Sep‑2024,Hard,R32,Christopher Oconnell,6-4 7-6(5),1.01,3.5%,5.9%,60.0%,72.5%,41.2%,Tomas Martin Etcheverry,49.5%,40.6%,7.9%,19.6%,66.7%,1/10,2:25
14‑Sep‑2024,Hard,RR,Eero Vasa,7-6(5) 6-3,1.14,5.3%,4.0%,66.7%,78.0%,36.0%,Tomas Martin Etcheverry,52.7%,41.1%,9.6%,25.0%,60.6%,2/6,1:51
13‑Sep‑2024,Hard,RR,Daniel Evans,6-2 7-5,1.21,4.8%,1.2%,75.9%,73.0%,45.0%,Tomas Martin Etcheverry,55.6%,40.7%,1.7%,28.9%,61.9%,3/4,2:06
26‑Aug‑2024,Hard,R32,Alexander Zverev,5-7 7-5 6-1 6-3,0.83,6.0%,1.5%,56.4%,69.3%,37.9%,Tomas Martin Etcheverry,46.5%,36.8%,9.6%,25.6%,55.3%,4/15,3:36
26‑Aug‑2024,Hard,R64,Francisco Cerundolo,6-3 4-6 6-4 1-6 6-3,1.13,16.8%,3.6%,62.0%,80.0%,44.2%,Tomas Martin Etcheverry,51.4%,38.1%,5.8%,30.2%,47.8%,5/16,4:04
26‑Aug‑2024,Hard,R128,Giovanni Mpetshi Perricard,6-4 6-2 6-3,3.05,16.1%,0.0%,72.6%,86.7%,82.4%,Tomas Martin Etcheverry,60.4%,44.3%,15.5%,30.8%,60.0%,5/14,1:58
19‑Aug‑2024,Hard,R32,Zizou Bergs,4-6 7-5 6-3,0.86,4.3%,4.3%,59.6%,69.6%,52.6%,Tomas Martin Etcheverry,47.3%,31.9%,4.3%,31.0%,33.3%,2/6,2:38
12‑Aug‑2024,Hard,R32,Ben Shelton,6-7(6) 7-6(7) 6-3,0.86,13.0%,4.1%,65.9%,75.3%,50.0%,Tomas Martin Etcheverry,48.1%,28.8%,11.0%,21.7%,45.7%,1/5,2:52
12‑Aug‑2024,Hard,R64,Matteo Arnaldi,6-3 6-7(3) 6-2,1.20,4.2%,2.1%,56.8%,66.7%,56.1%,Tomas Martin Etcheverry,54.1%,45.5%,10.2%,31.8%,59.1%,7/12,2:34
5‑Aug‑2024,Hard,R32,Andrey Rublev,7-6(3) 6-2,0.63,7.4%,2.9%,70.6%,70.8%,25.0%,Tomas Martin Etcheverry,43.5%,26.8%,16.1%,13.8%,40.7%,1/1,1:25
5‑Aug‑2024,Hard,R64,Nicolas Jarry,7-6(5) 6-7(5) 6-2,1.29,4.2%,3.2%,67.4%,75.0%,64.5%,Tomas Martin Etcheverry,53.3%,36.5%,14.4%,21.4%,54.2%,4/8,2:45
15‑Jul‑2024,Clay,QF,Jan Lennard Struff,7-5 3-6 6-3,0.91,5.4%,1.1%,61.3%,70.2%,55.6%,Tomas Martin Etcheverry,47.7%,32.4%,7.8%,19.6%,47.8%,1/7,2:16
15‑Jul‑2024,Clay,R16,Botic Van De Zandschulp,6-2 2-6 6-3,1.01,4.9%,0.0%,63.4%,65.4%,46.7%,Tomas Martin Etcheverry,51.0%,42.0%,2.9%,27.0%,59.4%,5/9,2:17
1‑Jul‑2024,Grass,R64,Alexei Popyrin,3-6 6-4 4-6 6-4 6-3,0.90,6.2%,1.2%,65.4%,70.8%,53.6%,Tomas Martin Etcheverry,48.7%,31.6%,11.2%,24.1%,50.0%,3/13,3:58
1‑Jul‑2024,Grass,R128,Luca Nardi,6-1 6-4 6-2,2.07,4.4%,1.5%,70.6%,85.4%,60.0%,Tomas Martin Etcheverry,61.8%,45.6%,11.8%,29.5%,75.0%,5/7,1:47
24‑Jun‑2024,Grass,R32,Juncheng Shang,7-5 3-6 7-6(4),1.18,14.4%,5.2%,73.2%,83.1%,50.0%,Tomas Martin Etcheverry,52.0%,30.3%,11.1%,28.8%,34.6%,1/3,2:25
17‑Jun‑2024,Grass,R32,Billy Harris,6-4 3-6 6-3,0.73,13.1%,3.6%,70.2%,76.3%,56.0%,Tomas Martin Etcheverry,48.4%,21.7%,11.6%,12.5%,34.5%,1/2,1:51
20‑May‑2024,Clay,F,Giovanni Mpetshi Perricard,6-4 1-6 7-6(7),1.08,5.2%,2.1%,68.0%,65.2%,61.3%,Tomas Martin Etcheverry,51.0%,39.0%,10.5%,32.0%,56.7%,5/14,2:28
20‑May‑2024,Clay,SF,Luciano Darderi,6-2 6-4,1.66,15.4%,1.9%,57.7%,83.3%,63.6%,Tomas Martin Etcheverry,58.1%,41.5%,1.9%,39.3%,44.0%,3/6,1:30
20‑May‑2024,Clay,QF,Dominik Koepfer,6-4 6-1,1.36,2.6%,0.0%,72.4%,67.3%,42.9%,Tomas Martin Etcheverry,58.1%,53.7%,2.4%,47.8%,61.1%,4/5,1:40
20‑May‑2024,Clay,R16,Thiago Seyboth Wild,7-5 3-0 RET,1.38,5.5%,1.8%,70.9%,74.4%,37.5%,Tomas Martin Etcheverry,57.0%,50.0%,0.0%,45.5%,57.9%,3/8,1:40
20‑May‑2024,Clay,R32,Nikolas Sanchez Izquierdo,1-6 6-2 6-2,1.16,5.1%,2.6%,59.0%,67.4%,40.6%,Tomas Martin Etcheverry,53.5%,50.6%,2.5%,38.5%,72.4%,6/10,2:39
6‑May‑2024,Clay,R32,Hubert Hurkacz,7-6(7) 6-2,0.86,3.0%,1.5%,56.1%,70.3%,55.2%,Tomas Martin Etcheverry,46.2%,31.2%,14.3%,21.7%,45.2%,0/3,2:00
6‑May‑2024,Clay,R64,Thiago Seyboth Wild,6-3 7-5,1.48,9.3%,0.0%,59.3%,59.4%,81.8%,Tomas Martin Etcheverry,56.0%,46.5%,1.4%,44.7%,48.5%,5/15,2:00
29‑Apr‑2024,Clay,QF,Jaume Munar,6-3 6-4,0.40,4.8%,0.0%,53.2%,63.6%,55.2%,Tomas Martin Etcheverry,40.2%,16.0%,8.0%,16.0%,16.0%,0/2,1:41
29‑Apr‑2024,Clay,R16,Arthur Rinderknech,7-6(3) 7-5,1.17,3.7%,1.2%,72.0%,71.2%,52.2%,Tomas Martin Etcheverry,52.0%,39.8%,5.4%,24.5%,60.0%,3/9,2:29
22‑Apr‑2024,Clay,R64,Denis Shapovalov,7-6(3) 6-3,0.92,1.4%,4.2%,71.8%,62.7%,50.0%,Tomas Martin Etcheverry,47.2%,37.8%,8.9%,23.1%,57.9%,2/5,2:03
15‑Apr‑2024,Clay,SF,Casper Ruud,7-6(6) 6-4,0.94,6.3%,3.1%,64.1%,73.2%,52.2%,Tomas Martin Etcheverry,48.1%,32.4%,1.4%,21.4%,48.3%,2/4,1:57
15‑Apr‑2024,Clay,QF,Cameron Norrie,7-6(4) 7-6(1),1.08,7.6%,2.2%,62.0%,77.2%,48.6%,Tomas Martin Etcheverry,51.7%,36.4%,3.4%,27.1%,55.2%,1/4,2:29
15‑Apr‑2024,Clay,R16,Brandon Nakashima,3-6 7-6(5) 6-4,1.10,6.5%,3.2%,66.7%,77.4%,45.2%,Tomas Martin Etcheverry,49.5%,36.8%,11.2%,31.2%,45.8%,2/12,3:10
15‑Apr‑2024,Clay,R32,Nick Hardt,7-5 6-2,1.27,7.4%,1.5%,79.4%,70.4%,35.7%,Tomas Martin Etcheverry,55.5%,46.7%,0.0%,44.9%,54.5%,4/7,1:44
8‑Apr‑2024,Clay,R32,Stefanos Tsitsipas,6-1 6-0,0.55,12.5%,0.0%,65.0%,42.3%,14.3%,Tomas Martin Etcheverry,34.9%,37.0%,4.3%,48.1%,21.1%,1/3,1:03
8‑Apr‑2024,Clay,R64,Nicolas Jarry,6-4 7-5,1.15,3.7%,0.0%,76.5%,64.5%,68.4%,Tomas Martin Etcheverry,53.7%,39.7%,4.4%,37.8%,41.9%,3/7,2:05
1‑Apr‑2024,Clay,SF,Ben Shelton,6-7(4) 6-4 6-4,0.65,6.2%,0.0%,67.0%,67.7%,59.4%,Tomas Martin Etcheverry,45.6%,22.9%,8.4%,15.8%,38.5%,1/3,2:29
1‑Apr‑2024,Clay,QF,Michael Mmoh,6-3 0-1 RET,2.08,20.0%,0.0%,68.0%,94.1%,62.5%,Tomas Martin Etcheverry,56.4%,33.3%,6.7%,36.8%,27.3%,1/3,0:52
1‑Apr‑2024,Clay,R16,Daniel Elahi Galan,6-4 6-4,1.16,3.2%,4.8%,65.1%,73.2%,40.9%,Tomas Martin Etcheverry,53.3%,44.1%,5.1%,46.2%,40.0%,4/6,1:52
18‑Mar‑2024,Hard,R64,Andy Murray,7-6(0) 6-3,0.62,3.9%,0.0%,68.4%,63.5%,58.3%,Tomas Martin Etcheverry,43.8%,23.5%,14.7%,17.1%,33.3%,0/7,2:17
12‑Feb‑2024,Clay,QF,Nicolas Jarry,4-6 7-5 0-0 RET,1.00,0.0%,2.7%,64.0%,72.9%,37.0%,Tomas Martin Etcheverry,50.0%,40.0%,6.7%,26.2%,57.6%,3/10,2:20
12‑Feb‑2024,Clay,R16,Daniel Elahi Galan,6-3 6-0,1.99,8.1%,0.0%,48.6%,77.8%,63.2%,Tomas Martin Etcheverry,64.0%,59.2%,0.0%,52.0%,66.7%,6/12,1:23
12‑Feb‑2024,Clay,R32,Roberto Carballes Baena,6-4 6-1,1.45,7.1%,0.0%,71.4%,72.5%,50.0%,Tomas Martin Etcheverry,57.5%,49.1%,0.0%,41.7%,61.9%,4/4,1:41
5‑Feb‑2024,Clay,QF,Federico Coria,6-3 6-4,0.51,6.5%,3.2%,53.2%,72.7%,48.3%,Tomas Martin Etcheverry,42.5%,19.6%,2.0%,10.0%,33.3%,0/0,1:49
5‑Feb‑2024,Clay,R16,Bernabe Zapata Miralles,7-5 6-4,1.15,6.5%,2.6%,76.6%,69.5%,44.4%,Tomas Martin Etcheverry,52.6%,41.8%,1.3%,40.7%,44.0%,3/10,2:18
3‑Feb‑2024,Clay,RR,Timofey Skatov,6-4 7-5,0.80,6.8%,2.7%,63.5%,61.7%,59.3%,Tomas Martin Etcheverry,46.3%,31.5%,0.0%,20.5%,48.3%,0/5,2:22
15‑Jan‑2024,Hard,R32,Novak Djokovic,6-3 6-3 7-6(2),0.58,13.0%,1.0%,72.0%,70.8%,35.7%,Tomas Martin Etcheverry,43.5%,22.6%,11.9%,14.0%,40.7%,0/0,2:28
15‑Jan‑2024,Hard,R64,Gael Monfils,6-4 6-4 6-4,1.02,4.9%,0.0%,78.4%,67.5%,59.1%,Tomas Martin Etcheverry,51.6%,34.9%,14.0%,17.0%,63.6%,4/8,2:13
15‑Jan‑2024,Hard,R128,Andy Murray,6-4 6-2 6-2,1.61,13.8%,0.0%,71.3%,75.4%,60.9%,Tomas Martin Etcheverry,58.6%,46.3%,7.3%,27.9%,66.7%,6/14,2:23
8‑Jan‑2024,Hard,R32,Alexander Shevchenko,7-6(4) 4-6 7-5,1.03,8.2%,1.8%,66.4%,68.5%,43.2%,Tomas Martin Etcheverry,50.2%,41.0%,4.3%,30.6%,57.8%,5/14,2:56
1‑Jan‑2024,Hard,R32,Tomas Machac,6-7(5) 7-5 7-6(1),0.86,5.2%,1.7%,70.7%,72.0%,50.0%,Tomas Martin Etcheverry,48.0%,29.7%,4.5%,18.6%,48.8%,2/6,3:09
30‑Oct‑2023,Hard,R32,Novak Djokovic,6-3 6-2,0.67,10.0%,0.0%,80.0%,65.0%,40.0%,Tomas Martin Etcheverry,43.1%,26.9%,11.5%,18.8%,40.0%,0/1,1:24
30‑Oct‑2023,Hard,R64,Miomir Kecmanovic,4-6 7-6(6) 6-4,1.13,7.1%,1.0%,63.6%,74.6%,55.6%,Tomas Martin Etcheverry,52.0%,36.4%,6.1%,20.4%,55.6%,3/7,2:48
23‑Oct‑2023,Hard,QF,Holger Rune,6-1 3-6 7-6(6),1.20,7.2%,1.2%,74.7%,72.6%,66.7%,Tomas Martin Etcheverry,50.3%,34.8%,9.8%,21.0%,52.0%,1/10,2:39
23‑Oct‑2023,Hard,R16,Andy Murray,6-7(5) 6-3 6-2,1.11,1.8%,1.8%,70.8%,63.7%,63.6%,Tomas Martin Etcheverry,52.5%,40.4%,1.9%,31.1%,53.5%,4/12,3:07
23‑Oct‑2023,Hard,R32,Sebastian Korda,6-3 1-6 6-3,0.89,2.2%,1.1%,70.8%,68.3%,53.8%,Tomas Martin Etcheverry,50.0%,31.9%,11.6%,15.4%,53.3%,2/3,1:54
16‑Oct‑2023,Hard,R32,Shintaro Mochizuki,6-4 7-6(5),0.96,5.5%,4.1%,68.5%,72.0%,47.8%,Tomas Martin Etcheverry,48.7%,34.2%,2.5%,34.7%,33.3%,1/4,2:02
2‑Oct‑2023,Hard,R64,Zhizhen Zhang,4-6 6-3 6-4,1.01,9.1%,1.3%,66.2%,74.5%,57.7%,Tomas Martin Etcheverry,48.8%,31.5%,6.7%,25.4%,46.2%,1/6,2:27
27‑Sep‑2023,Hard,R16,Casper Ruud,1-6 7-5 7-6(7),1.15,8.0%,2.0%,52.0%,76.9%,50.0%,Tomas Martin Etcheverry,52.2%,41.3%,7.3%,36.5%,47.8%,5/11,2:57
27‑Sep‑2023,Hard,R32,Lloyd Harris,6-7(5) 7-6(4) 6-3,1.19,8.5%,0.9%,62.3%,83.3%,60.0%,Tomas Martin Etcheverry,52.4%,30.2%,11.3%,19.4%,45.5%,1/2,2:52
20‑Sep‑2023,Hard,QF,Sebastian Korda,6-1 6-2,0.46,6.0%,4.0%,62.0%,58.1%,31.6%,Tomas Martin Etcheverry,36.5%,23.9%,19.6%,23.3%,25.0%,0/0,1:11
20‑Sep‑2023,Hard,R16,Dalibor Svrcina,6-2 6-3,1.47,12.0%,2.0%,62.0%,64.5%,57.9%,Tomas Martin Etcheverry,58.6%,55.7%,1.6%,48.6%,66.7%,6/11,1:36
20‑Sep‑2023,Hard,R32,Luke Saville,6-4 6-4,2.39,7.8%,2.0%,56.9%,89.7%,72.7%,Tomas Martin Etcheverry,57.5%,42.2%,7.2%,31.4%,59.4%,2/11,2:01
28‑Aug‑2023,Hard,R64,Stan Wawrinka,7-6(6) 6-7(7) 6-3 6-2,0.80,11.3%,1.4%,63.4%,64.4%,50.0%,Tomas Martin Etcheverry,46.2%,32.8%,12.4%,20.9%,44.3%,2/9,3:39
28‑Aug‑2023,Hard,R128,Otto Virtanen,6-3 6-7(3) 1-6 6-4 7-6(5),1.06,4.7%,0.6%,74.9%,65.6%,60.5%,Tomas Martin Etcheverry,50.9%,38.0%,6.7%,25.0%,53.0%,4/14,4:25
14‑Aug‑2023,Hard,R64,Alejandro Davidovich Fokina,6-3 6-3,0.80,4.1%,0.0%,73.5%,55.6%,38.5%,Tomas Martin Etcheverry,44.4%,39.0%,1.7%,39.4%,38.5%,2/6,1:18
7‑Aug‑2023,Hard,R64,Sebastian Korda,6-3 6-2,0.53,8.3%,5.0%,55.0%,69.7%,37.0%,Tomas Martin Etcheverry,40.9%,24.0%,8.0%,21.6%,30.8%,0/0,1:19
31‑Jul‑2023,Clay,SF,Sebastian Baez,7-6(5) 3-6 6-4,1.00,7.4%,5.3%,58.5%,78.2%,43.6%,Tomas Martin Etcheverry,49.2%,36.2%,2.9%,30.9%,54.2%,4/9,2:40
31‑Jul‑2023,Clay,QF,Daniel Elahi Galan,6-7(6) 6-3 6-4,1.27,6.9%,2.0%,65.3%,74.2%,57.1%,Tomas Martin Etcheverry,52.6%,40.2%,6.3%,32.6%,57.9%,3/13,3:09
31‑Jul‑2023,Clay,R16,Guido Andreozzi,6-2 6-2,2.87,5.1%,0.0%,66.7%,80.8%,76.9%,Tomas Martin Etcheverry,67.8%,58.8%,2.0%,51.6%,70.0%,5/10,1:15
24‑Jul‑2023,Clay,R32,Laslo Djere,7-6(2) 6-3,0.77,6.1%,3.0%,53.0%,71.4%,54.8%,Tomas Martin Etcheverry,46.2%,28.1%,3.1%,25.0%,32.1%,1/2,1:46
17‑Jul‑2023,Clay,R32,Sebastian Ofner,4-6 6-1 7-5,0.93,6.4%,2.6%,69.2%,64.8%,62.5%,Tomas Martin Etcheverry,47.9%,33.3%,6.9%,24.5%,44.7%,2/8,2:02
3‑Jul‑2023,Grass,R64,Stan Wawrinka,6-3 4-6 6-4 6-2,0.64,6.5%,2.8%,59.3%,71.9%,47.7%,Tomas Martin Etcheverry,43.6%,24.3%,4.9%,7.0%,45.7%,1/3,2:34
3‑Jul‑2023,Grass,R128,Bernabe Zapata Miralles,6-7(5) 5-7 6-3 6-4 7-5,1.00,4.9%,1.5%,68.3%,71.4%,47.7%,Tomas Martin Etcheverry,51.3%,35.9%,0.6%,33.1%,44.2%,6/15,4:37
26‑Jun‑2023,Grass,R32,J J Wolf,6-2 6-4,0.50,5.9%,1.5%,76.5%,59.6%,50.0%,Tomas Martin Etcheverry,42.6%,21.3%,19.1%,10.7%,36.8%,0/2,1:21
29‑May‑2023,Clay,QF,Alexander Zverev,6-4 3-6 6-3 6-4,0.91,6.9%,1.7%,62.1%,72.2%,40.9%,Tomas Martin Etcheverry,48.3%,36.2%,6.0%,24.4%,60.5%,3/9,3:22
29‑May‑2023,Clay,R16,Yoshihito Nishioka,7-6(8) 6-0 6-1,1.65,14.1%,0.0%,92.9%,72.2%,66.7%,Tomas Martin Etcheverry,60.1%,46.6%,4.1%,46.8%,45.5%,6/9,2:04
29‑May‑2023,Clay,R32,Borna Coric,6-3 7-6(5) 6-2,1.48,4.3%,1.1%,58.5%,81.8%,51.3%,Tomas Martin Etcheverry,56.8%,45.7%,3.8%,28.3%,68.9%,5/17,3:02
29‑May‑2023,Clay,R64,Alex De Minaur,6-3 7-6(2) 6-3,1.46,2.9%,2.9%,61.8%,73.0%,64.1%,Tomas Martin Etcheverry,56.7%,44.3%,0.0%,41.3%,48.8%,4/8,2:46
29‑May‑2023,Clay,R128,Jack Draper,6-4 1-0 RET,1.56,0.0%,0.0%,66.7%,75.0%,50.0%,Tomas Martin Etcheverry,58.0%,51.9%,1.9%,44.4%,68.8%,2/9,1:06
15‑May‑2023,Clay,F,Ugo Humbert,7-6(3) 6-4,0.78,4.0%,2.7%,70.7%,71.7%,45.5%,Tomas Martin Etcheverry,46.9%,27.9%,2.9%,13.9%,43.8%,1/1,1:55
15‑May‑2023,Clay,SF,Jan Lennard Struff,6-4 6-2,2.24,4.4%,0.0%,71.1%,84.4%,69.2%,Tomas Martin Etcheverry,58.9%,44.8%,13.4%,30.2%,70.8%,3/7,1:14
15‑May‑2023,Clay,QF,Albert Ramos,6-3 6-3,1.58,1.9%,3.8%,80.8%,78.6%,60.0%,Tomas Martin Etcheverry,57.1%,39.6%,5.7%,36.6%,50.0%,3/6,1:25
15‑May‑2023,Clay,R16,Arthur Cazaux,7-6(0) 7-5,1.58,4.8%,4.8%,68.3%,81.4%,60.0%,Tomas Martin Etcheverry,55.8%,40.0%,5.3%,32.0%,56.0%,3/5,1:54
15‑May‑2023,Clay,R32,Ilya Ivashka,7-5 6-3,1.45,6.6%,1.6%,77.0%,76.6%,42.9%,Tomas Martin Etcheverry,56.8%,45.3%,0.0%,39.4%,51.6%,4/7,1:40
8‑May‑2023,Clay,R64,Novak Djokovic,7-6(5) 6-2,0.63,5.6%,2.8%,59.7%,60.5%,55.2%,Tomas Martin Etcheverry,44.2%,26.3%,1.8%,21.4%,40.0%,1/2,1:51
8‑May‑2023,Clay,R128,Luca Van Assche,7-6(7) 6-3,1.29,10.8%,0.0%,58.5%,73.7%,48.1%,Tomas Martin Etcheverry,54.5%,47.5%,3.8%,44.9%,51.6%,5/10,2:02
1‑May‑2023,Clay,R16,Jurij Rodionov,6-3 1-6 7-6(5),1.21,7.1%,1.2%,61.9%,75.0%,59.4%,Tomas Martin Etcheverry,52.6%,37.4%,2.2%,32.1%,45.7%,3/8,2:31
1‑May‑2023,Clay,R32,Hamad Medjedovic,5-7 6-2 6-2,1.42,5.1%,1.3%,60.8%,77.1%,58.1%,Tomas Martin Etcheverry,55.2%,43.2%,9.5%,27.1%,59.6%,4/8,2:19
24‑Apr‑2023,Clay,R64,Frances Tiafoe,6-3 7-6(5),0.77,17.6%,2.9%,64.7%,65.9%,50.0%,Tomas Martin Etcheverry,45.9%,30.8%,7.7%,27.0%,35.7%,1/1,1:38
24‑Apr‑2023,Clay,R128,Adrian Mannarino,6-4 6-0,2.53,10.3%,0.0%,59.0%,82.6%,75.0%,Tomas Martin Etcheverry,64.0%,52.0%,2.0%,29.6%,78.3%,5/9,1:12
17‑Apr‑2023,Clay,R32,Alejandro Davidovich Fokina,6-3 6-3,0.73,6.5%,0.0%,61.3%,57.9%,45.8%,Tomas Martin Etcheverry,44.3%,34.0%,0.0%,23.7%,60.0%,1/3,1:31
17‑Apr‑2023,Clay,R64,Pablo Andujar,6-2 7-5,1.22,3.8%,5.1%,71.8%,60.7%,40.9%,Tomas Martin Etcheverry,54.9%,54.7%,0.0%,51.2%,61.9%,6/10,2:00
3‑Apr‑2023,Clay,F,Frances Tiafoe,7-6(1) 7-6(6),0.67,7.7%,2.6%,62.8%,67.3%,62.1%,Tomas Martin Etcheverry,45.0%,23.3%,16.4%,18.8%,32.0%,1/2,1:53
3‑Apr‑2023,Clay,SF,Yannick Hanfmann,6-3 6-4,1.16,10.3%,1.7%,69.0%,72.5%,50.0%,Tomas Martin Etcheverry,53.7%,40.0%,2.0%,38.9%,42.9%,3/9,1:34
3‑Apr‑2023,Clay,QF,Cristian Garin,6-1 6-7(2) 6-3,1.09,11.7%,0.0%,60.2%,77.4%,46.3%,Tomas Martin Etcheverry,52.9%,38.1%,3.6%,32.7%,48.3%,4/9,2:36
3‑Apr‑2023,Clay,R16,Max Purcell,7-6(5) 6-1,1.22,6.1%,3.0%,75.8%,64.0%,43.8%,Tomas Martin Etcheverry,54.1%,50.0%,7.5%,44.4%,57.1%,5/15,1:49
3‑Apr‑2023,Clay,R32,Juan Manuel Cerundolo,6-3 6-4,1.35,3.1%,0.0%,78.1%,64.0%,64.3%,Tomas Martin Etcheverry,56.2%,48.5%,4.5%,43.2%,59.1%,4/11,1:47
20‑Mar‑2023,Hard,R64,Karen Khachanov,6-1 3-6 6-3,0.89,8.6%,1.4%,60.0%,59.5%,57.1%,Tomas Martin Etcheverry,47.0%,37.0%,8.6%,18.8%,63.6%,2/2,2:08
20‑Mar‑2023,Hard,R128,Pavel Kotov,6-2 6-2,1.77,13.3%,4.4%,64.4%,86.2%,50.0%,Tomas Martin Etcheverry,59.2%,47.2%,3.8%,37.1%,66.7%,4/8,1:20
6‑Mar‑2023,Hard,R128,Andy Murray,6-7(5) 6-1 6-4,0.77,7.8%,3.4%,61.2%,69.0%,37.8%,Tomas Martin Etcheverry,45.8%,33.0%,6.0%,32.8%,33.3%,1/5,3:12
27‑Feb‑2023,Clay,F,Nicolas Jarry,6-7(5) 7-6(5) 6-2,0.73,8.3%,4.6%,62.4%,69.1%,58.5%,Tomas Martin Etcheverry,46.8%,25.5%,6.4%,19.7%,36.4%,1/2,2:46
27‑Feb‑2023,Clay,SF,Sebastian Baez,7-5 6-3,1.23,6.7%,1.7%,55.0%,87.9%,55.6%,Tomas Martin Etcheverry,53.9%,32.7%,0.0%,23.1%,56.3%,2/6,1:38
27‑Feb‑2023,Clay,QF,Dusan Lajovic,6-1 6-2,1.69,10.9%,3.6%,54.5%,76.7%,60.0%,Tomas Martin Etcheverry,61.2%,52.1%,0.0%,48.4%,58.8%,4/7,1:24
27‑Feb‑2023,Clay,R16,Francisco Cerundolo,6-3 3-6 6-3,1.14,5.7%,2.3%,54.5%,70.8%,57.5%,Tomas Martin Etcheverry,51.9%,40.0%,3.2%,22.6%,61.9%,3/9,2:28
27‑Feb‑2023,Clay,R32,Fabio Fognini,6-1 7-6(1),1.63,8.6%,5.2%,55.2%,81.3%,57.7%,Tomas Martin Etcheverry,58.5%,47.7%,4.6%,50.0%,44.8%,4/6,1:47
20‑Feb‑2023,Clay,R32,Albert Ramos,5-7 6-4 6-4,1.09,10.9%,2.0%,68.3%,75.4%,46.9%,Tomas Martin Etcheverry,50.0%,36.8%,1.6%,33.7%,43.6%,2/20,3:24
13‑Feb‑2023,Clay,QF,Cameron Norrie,5-7 6-0 6-3,0.78,6.3%,2.1%,61.5%,62.7%,40.5%,Tomas Martin Etcheverry,45.0%,35.8%,4.2%,35.7%,35.9%,2/7,2:33
13‑Feb‑2023,Clay,R16,Roberto Carballes Baena,4-6 6-1 6-2,1.43,6.4%,3.8%,59.0%,78.3%,59.4%,Tomas Martin Etcheverry,56.4%,42.3%,2.6%,33.3%,54.5%,4/6,2:33
13‑Feb‑2023,Clay,R32,Hugo Dellien,3-6 6-2 6-2,1.34,12.3%,4.1%,58.9%,76.7%,50.0%,Tomas Martin Etcheverry,54.4%,45.9%,1.0%,43.2%,54.2%,5/15,2:21
6‑Feb‑2023,Clay,R32,Joao Sousa,3-6 7-6(5) 6-4,1.23,10.6%,1.1%,56.4%,75.5%,58.5%,Tomas Martin Etcheverry,53.1%,39.2%,5.9%,22.0%,62.8%,3/9,3:06
16‑Jan‑2023,Hard,R64,Jannik Sinner,6-3 6-2 6-2,0.48,9.2%,1.5%,61.5%,60.0%,44.0%,Tomas Martin Etcheverry,37.6%,22.1%,8.8%,11.9%,38.5%,0/0,1:44
16‑Jan‑2023,Hard,R128,Gregoire Barrere,3-6 6-3 6-4 6-4,1.31,9.6%,1.0%,68.3%,78.9%,57.6%,Tomas Martin Etcheverry,52.6%,36.5%,5.6%,30.0%,44.6%,4/16,2:56
9‑Jan‑2023,Hard,R32,Jason Kubler,7-6(2) 7-5,0.90,14.3%,1.4%,61.4%,79.1%,63.0%,Tomas Martin Etcheverry,47.3%,24.4%,12.8%,17.5%,42.9%,0/5,2:10
9‑Jan‑2023,Hard,Q2,Robin Haase,6-2 6-4,1.56,5.3%,0.0%,49.1%,67.9%,69.0%,Tomas Martin Etcheverry,58.6%,49.2%,10.2%,44.7%,57.1%,4/8,1:25
9‑Jan‑2023,Hard,Q1,Luke Saville,6-1 6-3,1.41,10.4%,4.2%,66.7%,68.8%,56.3%,Tomas Martin Etcheverry,56.9%,50.0%,1.9%,45.7%,57.9%,5/12,1:19
7‑Nov‑2022,Clay,F,Genaro Alberto Olivieri,6-7(3) 7-6(5) 6-3,1.00,5.6%,0.8%,61.3%,65.8%,50.0%,Tomas Martin Etcheverry,49.3%,40.4%,0.0%,36.3%,47.3%,3/13,3:31
7‑Nov‑2022,Clay,SF,Daniel Altmaier,6-7(5) 6-3 7-6(6),1.04,5.4%,1.8%,54.1%,71.7%,54.9%,Tomas Martin Etcheverry,51.2%,37.5%,6.7%,25.0%,54.5%,4/10,3:25
7‑Nov‑2022,Clay,QF,Facundo Diaz Acosta,7-5 6-4,1.25,1.3%,0.0%,61.0%,80.9%,50.0%,Tomas Martin Etcheverry,53.9%,39.0%,2.6%,34.7%,46.4%,2/7,2:16
7‑Nov‑2022,Clay,R16,Mariano Navone,6-4 6-1,1.53,9.5%,0.0%,61.9%,69.2%,56.3%,Tomas Martin Etcheverry,58.9%,54.7%,1.9%,53.1%,57.1%,6/8,1:22
7‑Nov‑2022,Clay,R32,Nikola Milojevic,6-3 6-2,1.44,4.6%,0.0%,73.8%,64.6%,70.6%,Tomas Martin Etcheverry,59.1%,48.9%,2.2%,36.0%,65.0%,4/7,1:35
31‑Oct‑2022,Clay,R32,Roman Andres Burruchaga,6-7(3) 7-5 7-5,0.96,1.8%,2.7%,62.5%,70.0%,61.9%,Tomas Martin Etcheverry,49.3%,31.9%,2.7%,25.0%,51.7%,1/5,3:36
24‑Oct‑2022,Clay,F,Daniel Altmaier,6-1 6-7(4) 6-4,0.84,0.9%,0.9%,65.1%,66.7%,51.4%,Tomas Martin Etcheverry,46.9%,32.4%,11.4%,21.2%,51.3%,0/3,3:20
24‑Oct‑2022,Clay,SF,Roman Andres Burruchaga,6-2 3-6 6-3,1.33,10.0%,0.0%,74.3%,75.0%,50.0%,Tomas Martin Etcheverry,53.0%,41.7%,1.0%,41.2%,42.9%,4/14,2:36
24‑Oct‑2022,Clay,QF,Felipe Meligeni Alves,7-5 6-2,1.96,5.7%,0.0%,81.1%,79.1%,80.0%,Tomas Martin Etcheverry,58.1%,40.6%,3.1%,34.8%,55.6%,3/7,1:34
24‑Oct‑2022,Clay,R16,Genaro Alberto Olivieri,6-3 4-6 6-1,1.32,1.3%,0.0%,79.7%,69.8%,56.3%,Tomas Martin Etcheverry,55.4%,43.6%,0.0%,32.7%,65.4%,5/8,2:20
24‑Oct‑2022,Clay,R32,Jan Choinski,6-4 6-2,1.82,11.5%,0.0%,73.1%,84.2%,57.1%,Tomas Martin Etcheverry,57.9%,41.9%,1.6%,33.3%,56.5%,3/10,1:46
17‑Oct‑2022,Clay,QF,Juan Manuel Cerundolo,4-6 6-3 6-4,1.00,0.0%,0.0%,69.9%,60.8%,68.2%,Tomas Martin Etcheverry,48.5%,37.0%,2.2%,32.8%,48.0%,3/7,2:23
17‑Oct‑2022,Clay,R16,Jose Fco Vidal Azorin,6-3 6-1,1.86,7.1%,0.0%,52.4%,72.7%,70.0%,Tomas Martin Etcheverry,61.5%,53.1%,0.0%,50.0%,80.0%,5/9,1:27
17‑Oct‑2022,Clay,R32,Diego Fernandez Flores,6-3 6-1,1.49,2.2%,4.3%,73.9%,76.5%,33.3%,Tomas Martin Etcheverry,58.2%,51.9%,0.0%,45.5%,63.2%,5/7,1:25
3‑Oct‑2022,Clay,R32,Andrea Vavassori,6-3 2-6 6-4,0.84,4.0%,3.0%,69.0%,63.8%,41.9%,Tomas Martin Etcheverry,47.3%,36.0%,2.3%,32.7%,41.2%,3/7,2:37
26‑Sep‑2022,Hard,R16,Roman Safiullin,6-1 6-4,0.70,13.6%,0.0%,65.9%,58.6%,53.3%,Tomas Martin Etcheverry,42.0%,30.4%,10.7%,21.2%,43.5%,0/1,1:17
26‑Sep‑2022,Hard,R32,Aslan Karatsev,6-2 6-7(0) 6-4,1.39,8.6%,1.2%,60.5%,75.5%,65.6%,Tomas Martin Etcheverry,53.5%,39.4%,9.6%,34.9%,46.3%,5/13,2:41
19‑Sep‑2022,Hard,R16,Marcos Giron,6-4 6-3,0.75,3.8%,0.0%,58.5%,48.4%,59.1%,Tomas Martin Etcheverry,43.5%,35.5%,6.5%,27.8%,46.2%,2/4,1:40
19‑Sep‑2022,Hard,R32,Facundo Mena,7-6(6) 6-3,0.97,0.0%,1.3%,72.5%,63.8%,63.6%,Tomas Martin Etcheverry,50.3%,35.2%,4.2%,21.1%,51.5%,2/7,2:06
29‑Aug‑2022,Hard,R128,Hugo Grenier,4-6 6-2 6-3 6-4,0.80,7.1%,5.1%,60.2%,71.2%,59.0%,Tomas Martin Etcheverry,45.6%,26.9%,8.3%,17.2%,40.9%,1/2,2:58
15‑Aug‑2022,Clay,SF,Pedro Cachin,4-6 7-6(5) 6-4,0.98,7.1%,3.6%,53.6%,70.0%,57.7%,Tomas Martin Etcheverry,49.8%,34.9%,12.8%,18.8%,57.8%,2/4,3:09
15‑Aug‑2022,Clay,QF,Renzo Olivo,6-4 6-3,1.77,0.0%,4.3%,53.2%,84.0%,72.7%,Tomas Martin Etcheverry,55.6%,37.7%,3.3%,28.6%,50.0%,3/6,1:40
15‑Aug‑2022,Clay,R16,Roman Andres Burruchaga,6-4 6-3,1.33,3.3%,1.7%,65.0%,71.8%,52.4%,Tomas Martin Etcheverry,55.9%,46.6%,1.7%,36.4%,60.0%,4/5,1:48
15‑Aug‑2022,Clay,R32,Pedro Boscardin Dias,0-0 RET,-,0.0%,0.0%,66.7%,50.0%,50.0%,Tomas Martin Etcheverry,50.0%,-,-,-,-,0/0,0:10
8‑Aug‑2022,Clay,SF,Camilo Ugo Carabelli,6-3 3-6 7-5,0.97,2.2%,2.2%,72.0%,61.2%,50.0%,Tomas Martin Etcheverry,49.2%,40.6%,2.1%,40.4%,41.0%,4/9,2:47
8‑Aug‑2022,Clay,QF,Renzo Olivo,7-6(5) 6-7(2) 7-5,1.04,2.1%,0.7%,74.3%,63.5%,44.4%,Tomas Martin Etcheverry,50.7%,43.2%,0.7%,38.2%,54.3%,6/23,4:17
8‑Aug‑2022,Clay,R16,Roberto Quiroz,6-2 6-3,1.53,1.8%,0.0%,72.7%,72.5%,60.0%,Tomas Martin Etcheverry,58.0%,47.4%,1.8%,47.6%,46.7%,4/7,1:41
8‑Aug‑2022,Clay,R32,Juan Sebastian Gomez,6-2 6-3,2.28,0.0%,0.0%,69.2%,77.8%,75.0%,Tomas Martin Etcheverry,60.9%,52.6%,1.3%,51.9%,54.2%,5/17,1:34
1‑Aug‑2022,Hard,R32,Jason Kubler,6-7(4) 6-3 6-1,0.66,4.8%,2.9%,69.2%,59.7%,50.0%,Tomas Martin Etcheverry,44.3%,28.4%,6.2%,18.8%,42.4%,1/2,2:48
25‑Jul‑2022,Clay,R32,Facundo Bagnis,7-5 6-3,0.67,1.6%,3.2%,72.6%,66.7%,41.2%,Tomas Martin Etcheverry,43.8%,27.1%,1.7%,17.2%,36.7%,1/2,1:57
18‑Jul‑2022,Clay,R32,Jiri Lehecka,6-1 6-3,0.28,1.9%,7.7%,63.5%,66.7%,26.3%,Tomas Martin Etcheverry,36.0%,13.5%,13.5%,13.0%,14.3%,0/0,0:59
11‑Jul‑2022,Clay,R32,Albert Ramos,6-3 6-3,0.70,10.0%,3.3%,58.3%,54.3%,36.0%,Tomas Martin Etcheverry,42.0%,37.3%,3.4%,38.6%,33.3%,2/6,1:38
11‑Jul‑2022,Clay,Q2,Daniel Elahi Galan,3-6 6-4 7-5,0.95,2.8%,0.9%,61.3%,67.7%,41.5%,Tomas Martin Etcheverry,49.5%,40.2%,10.9%,33.9%,53.3%,5/12,2:44
11‑Jul‑2022,Clay,Q1,Viktor Durasovic,6-2 3-6 6-2,1.24,4.3%,7.1%,68.6%,68.8%,54.5%,Tomas Martin Etcheverry,53.2%,44.3%,4.5%,26.7%,62.8%,5/11,2:02
27‑Jun‑2022,Grass,R128,Ugo Humbert,6-3 3-6 4-6 6-3 6-4,0.83,5.3%,4.0%,70.0%,65.7%,53.3%,Tomas Martin Etcheverry,47.0%,31.5%,8.2%,24.4%,42.9%,3/10,3:28
20‑Jun‑2022,Grass,Q1,Juncheng Shang,7-6(6) 2-6 6-2,0.97,7.1%,2.7%,75.0%,69.0%,39.3%,Tomas Martin Etcheverry,49.8%,37.1%,4.8%,32.5%,54.5%,3/10,2:41
13‑Jun‑2022,Clay,R16,Chun Hsin Tseng,2-6 7-5 6-3,1.00,9.4%,2.4%,71.8%,62.3%,50.0%,Tomas Martin Etcheverry,49.7%,41.3%,6.5%,29.6%,57.9%,4/12,2:30
13‑Jun‑2022,Clay,R32,Riccardo Bonadio,6-2 6-2,1.80,6.8%,0.0%,68.2%,73.3%,71.4%,Tomas Martin Etcheverry,60.0%,49.0%,2.0%,42.9%,62.5%,4/9,1:12
6‑Jun‑2022,Clay,F,Jaume Munar,6-3 4-6 6-1,0.86,1.2%,1.2%,74.1%,53.3%,33.3%,Tomas Martin Etcheverry,46.3%,44.7%,5.3%,35.9%,63.3%,5/12,2:48
6‑Jun‑2022,Clay,SF,Maximilian Marterer,6-1 7-6(4),1.46,0.0%,1.7%,83.3%,68.0%,60.0%,Tomas Martin Etcheverry,56.7%,48.6%,8.1%,44.2%,54.8%,4/7,1:45
6‑Jun‑2022,Clay,QF,Borna Coric,6-4 6-3,1.25,2.7%,0.0%,86.7%,63.1%,60.0%,Tomas Martin Etcheverry,55.6%,46.6%,5.2%,38.5%,53.1%,3/9,2:00
6‑Jun‑2022,Clay,R16,Flavio Cobolli,6-2 6-7(5) 6-3,1.26,2.6%,0.0%,76.1%,67.4%,57.1%,Tomas Martin Etcheverry,54.4%,44.2%,5.0%,42.3%,46.9%,4/13,3:17
6‑Jun‑2022,Clay,R32,Marco Cecchinato,2-6 7-6(4) 6-3,1.06,4.9%,1.2%,81.7%,68.7%,73.3%,Tomas Martin Etcheverry,50.3%,32.2%,3.4%,28.6%,38.7%,2/3,2:16
30‑May‑2022,Clay,QF,Matteo Gigante,6-2 6-3,0.76,3.3%,3.3%,68.3%,53.7%,47.4%,Tomas Martin Etcheverry,44.4%,36.8%,7.0%,28.1%,48.0%,1/6,1:28
30‑May‑2022,Clay,R16,Stefano Napolitano,6-7(6) 7-5 6-1,1.11,3.5%,0.9%,77.4%,60.7%,61.5%,Tomas Martin Etcheverry,52.8%,43.6%,1.0%,38.6%,50.0%,5/12,3:23
30‑May‑2022,Clay,R32,Franco Agamenone,5-7 6-3 6-0,1.18,1.1%,1.1%,68.8%,60.9%,51.7%,Tomas Martin Etcheverry,53.8%,49.4%,2.2%,40.0%,64.7%,7/14,2:49
16‑May‑2022,Clay,R32,Sebastian Baez,6-2 6-1,0.55,1.4%,5.5%,68.5%,46.0%,52.2%,Tomas Martin Etcheverry,40.9%,28.6%,2.4%,32.1%,21.4%,0/1,1:31
16‑May‑2022,Clay,Q2,Michael Mmoh,7-6(6) 6-3,1.05,0.0%,5.3%,59.6%,64.3%,47.4%,Tomas Martin Etcheverry,52.6%,44.8%,3.4%,43.6%,47.4%,4/6,2:16
16‑May‑2022,Clay,Q1,Mayeul Darras,6-4 6-2,1.49,1.5%,1.5%,71.2%,74.5%,57.9%,Tomas Martin Etcheverry,58.8%,45.3%,7.5%,37.5%,57.1%,3/5,1:35
25‑Apr‑2022,Clay,QF,Christian Harrison,6-4 6-2,0.85,3.2%,0.0%,87.3%,47.3%,75.0%,Tomas Martin Etcheverry,46.2%,41.8%,4.5%,36.7%,55.6%,2/8,1:47
25‑Apr‑2022,Clay,R16,Arthur Fils,1-6 6-3 3-0 RET,1.08,1.8%,3.6%,76.4%,61.9%,46.2%,Tomas Martin Etcheverry,50.8%,45.2%,1.4%,28.6%,67.7%,4/9,1:57
25‑Apr‑2022,Clay,R32,Aidan Mayo,6-4 6-1,1.76,2.1%,2.1%,68.1%,68.8%,73.3%,Tomas Martin Etcheverry,62.1%,52.5%,2.5%,43.5%,64.7%,4/4,1:14
18‑Apr‑2022,Clay,R16,Michael Mmoh,4-6 6-3 6-3,0.84,2.1%,2.1%,73.4%,60.9%,40.0%,Tomas Martin Etcheverry,46.9%,37.6%,2.4%,38.6%,35.7%,4/13,2:59
18‑Apr‑2022,Clay,R32,Jason Jung,6-3 6-2,1.66,4.5%,2.3%,86.4%,71.1%,50.0%,Tomas Martin Etcheverry,60.0%,52.9%,0.0%,48.4%,60.0%,5/6,1:18
4‑Apr‑2022,Clay,F,Marc Andrea Huesler,6-4 6-2,0.69,11.6%,7.0%,72.1%,67.7%,41.7%,Tomas Martin Etcheverry,42.6%,27.5%,13.7%,4.3%,46.4%,0/0,1:05
4‑Apr‑2022,Clay,SF,Nicolas Jarry,3-6 7-5 7-6(4),0.95,3.0%,2.0%,76.2%,70.1%,62.5%,Tomas Martin Etcheverry,50.3%,30.0%,18.9%,11.5%,55.3%,3/4,2:33
4‑Apr‑2022,Clay,QF,Mateus Alves,6-1 6-1,1.47,5.6%,7.4%,79.6%,62.8%,36.4%,Tomas Martin Etcheverry,60.0%,62.7%,3.9%,55.2%,72.7%,6/11,1:20
4‑Apr‑2022,Clay,R16,Elmar Ejupovic,6-1 7-6(2),1.44,4.0%,9.3%,77.3%,69.0%,52.9%,Tomas Martin Etcheverry,58.9%,50.0%,3.7%,37.0%,63.0%,4/5,1:45
4‑Apr‑2022,Clay,R32,Evgeny Donskoy,6-3 6-2,1.49,3.4%,8.5%,74.6%,72.7%,26.7%,Tomas Martin Etcheverry,59.6%,58.0%,4.0%,35.3%,69.7%,5/7,1:21
28‑Mar‑2022,Clay,SF,Facundo Mena,2-6 6-4 6-4,1.05,6.5%,5.4%,69.9%,67.7%,46.4%,Tomas Martin Etcheverry,50.5%,40.8%,5.8%,31.3%,49.1%,3/9,2:27
28‑Mar‑2022,Clay,QF,Pedja Krstin,6-2 7-6(4),1.23,9.3%,4.0%,76.0%,56.1%,44.4%,Tomas Martin Etcheverry,55.3%,57.6%,3.0%,50.0%,66.7%,7/8,1:48
28‑Mar‑2022,Clay,R16,Felipe Meligeni Alves,6-1 7-5,2.03,7.4%,0.0%,59.3%,71.9%,81.8%,Tomas Martin Etcheverry,59.4%,48.8%,4.8%,47.5%,52.0%,4/15,1:48
28‑Mar‑2022,Clay,R32,Juan Sebastian Gomez,6-4 7-5,1.55,11.9%,5.1%,55.9%,84.8%,53.8%,Tomas Martin Etcheverry,55.6%,44.6%,1.2%,32.7%,67.9%,3/9,1:49
14‑Mar‑2022,Clay,F,Hugo Dellien,6-3 6-2,1.39,0.0%,2.1%,75.0%,52.8%,66.7%,Tomas Martin Etcheverry,58.7%,60.7%,1.8%,66.7%,42.9%,7/11,1:30
14‑Mar‑2022,Clay,SF,Renzo Olivo,2-6 6-2 6-4,1.03,0.0%,1.4%,75.7%,67.9%,44.4%,Tomas Martin Etcheverry,50.3%,39.0%,3.9%,35.8%,45.8%,4/4,2:25
14‑Mar‑2022,Clay,QF,Camilo Ugo Carabelli,7-6(9) 4-6 7-5,1.08,0.8%,0.0%,69.4%,59.5%,59.5%,Tomas Martin Etcheverry,51.2%,43.6%,2.3%,39.1%,52.2%,4/15,3:52
14‑Mar‑2022,Clay,R16,Gonzalo Lama,6-3 7-6(1),1.33,2.7%,1.4%,83.6%,67.2%,50.0%,Tomas Martin Etcheverry,56.8%,47.5%,0.0%,39.5%,61.9%,4/5,1:49
14‑Mar‑2022,Clay,R32,Diego Fernandez Flores,6-1 5-7 6-2,1.20,1.1%,1.1%,81.1%,63.0%,35.3%,Tomas Martin Etcheverry,54.1%,50.5%,0.0%,42.1%,63.9%,8/14,2:48
7‑Mar‑2022,Clay,SF,Hugo Dellien,6-3 6-7(3) 6-4,0.90,3.4%,2.6%,70.7%,62.2%,35.3%,Tomas Martin Etcheverry,48.1%,41.0%,5.0%,33.8%,54.3%,4/9,3:17
7‑Mar‑2022,Clay,QF,Jiri Lehecka,6-4 6-3,1.30,3.1%,1.5%,75.4%,67.3%,50.0%,Tomas Martin Etcheverry,55.1%,47.9%,1.4%,39.5%,60.0%,4/9,1:48
7‑Mar‑2022,Clay,R16,Camilo Ugo Carabelli,6-1 4-6 7-5,1.17,3.0%,1.0%,82.0%,65.9%,44.4%,Tomas Martin Etcheverry,52.6%,44.3%,3.5%,37.3%,57.5%,6/21,3:15
7‑Mar‑2022,Clay,R32,Evan Furness,7-5 6-2,1.65,1.8%,0.0%,86.0%,71.4%,75.0%,Tomas Martin Etcheverry,59.5%,46.3%,1.9%,41.2%,55.0%,4/4,1:42
21‑Feb‑2022,Clay,R32,Juan Ignacio Londero,4-6 6-4 7-5,1.06,5.9%,3.5%,69.4%,69.5%,53.8%,Tomas Martin Etcheverry,49.7%,37.5%,5.8%,29.4%,52.8%,3/10,2:50
14‑Feb‑2022,Clay,Q1,Daniel Elahi Galan,6-3 6-2,0.66,3.8%,1.9%,65.4%,55.9%,50.0%,Tomas Martin Etcheverry,41.7%,30.4%,3.6%,25.6%,41.2%,0/1,1:26
7‑Feb‑2022,Clay,R32,Jaume Munar,6-4 6-4,0.74,1.3%,1.3%,65.8%,58.0%,57.7%,Tomas Martin Etcheverry,46.0%,31.1%,6.6%,23.9%,53.3%,1/4,2:02
7‑Feb‑2022,Clay,Q2,Dmitry Popko,6-4 6-2,1.84,2.0%,2.0%,82.0%,85.4%,33.3%,Tomas Martin Etcheverry,57.6%,44.1%,4.4%,42.9%,46.2%,3/8,1:34
7‑Feb‑2022,Clay,Q1,Zdenek Kolar,6-3 6-2,1.49,5.3%,3.5%,71.9%,75.6%,56.3%,Tomas Martin Etcheverry,57.7%,44.4%,3.7%,48.1%,40.7%,3/5,1:31
31‑Jan‑2022,Clay,R16,Nikola Milojevic,6-3 7-6(4),0.79,2.5%,2.5%,67.1%,66.0%,42.3%,Tomas Martin Etcheverry,46.3%,32.9%,1.4%,29.5%,38.5%,2/4,1:56
31‑Jan‑2022,Clay,R32,Nicolas Jarry,2-6 6-3 6-4,1.21,4.3%,10.0%,75.7%,77.4%,47.1%,Tomas Martin Etcheverry,52.0%,36.3%,12.5%,22.9%,56.3%,2/8,2:10
24‑Jan‑2022,Clay,R32,Francisco Comesana,4-6 7-5 1-0 RET,1.07,0.0%,8.1%,67.4%,63.8%,50.0%,Tomas Martin Etcheverry,51.1%,43.5%,9.8%,39.7%,51.7%,3/9,2:58
17‑Jan‑2022,Hard,R128,Pablo Carreno Busta,6-1 6-2 7-6(2),0.66,14.3%,3.6%,75.0%,71.4%,9.5%,Tomas Martin Etcheverry,42.2%,29.2%,9.0%,23.7%,40.0%,1/4,2:07
17‑Jan‑2022,Hard,Q3,Flavio Cobolli,6-3 6-2,1.45,0.0%,3.6%,66.1%,81.1%,42.1%,Tomas Martin Etcheverry,56.9%,46.7%,6.7%,36.7%,56.7%,4/8,1:29
17‑Jan‑2022,Hard,Q2,Jason Kubler,7-5 5-7 6-3,1.20,13.5%,1.0%,76.9%,76.3%,41.7%,Tomas Martin Etcheverry,53.7%,38.1%,3.1%,28.4%,60.0%,3/3,2:47
17‑Jan‑2022,Hard,Q1,Kimmer Coppejans,2-6 6-4 6-1,1.12,13.6%,1.2%,61.7%,68.0%,54.8%,Tomas Martin Etcheverry,53.0%,41.4%,8.6%,27.5%,60.0%,4/11,2:04
3‑Jan‑2022,Hard,Q1,Ricardas Berankis,6-4 6-2,0.75,5.9%,9.8%,62.7%,59.4%,47.4%,Tomas Martin Etcheverry,43.4%,33.9%,1.6%,29.4%,39.3%,1/5,1:23
22‑Nov‑2021,Clay,R32,Nicolas Kicker,4-6 7-6(4) 6-4,1.07,5.3%,5.3%,67.4%,75.0%,41.9%,Tomas Martin Etcheverry,50.5%,38.3%,2.8%,38.1%,38.6%,4/8,3:05
15‑Nov‑2021,Clay,SF,Thiago Monteiro,1-6 6-2 6-3,0.87,1.1%,6.6%,53.8%,71.4%,42.9%,Tomas Martin Etcheverry,48.0%,36.3%,5.0%,34.7%,38.7%,2/10,2:39
15‑Nov‑2021,Clay,QF,Nicolas Jarry,6-4 6-1,1.57,7.4%,0.0%,74.1%,65.0%,71.4%,Tomas Martin Etcheverry,59.1%,52.5%,3.3%,42.4%,64.3%,5/10,1:36
15‑Nov‑2021,Clay,R16,Nicola Kuhn,3-6 6-4 6-1,1.04,1.0%,5.1%,61.6%,70.5%,44.7%,Tomas Martin Etcheverry,52.0%,40.8%,1.3%,40.5%,41.2%,4/8,2:40
15‑Nov‑2021,Clay,R32,Roberto Cid,6-2 6-0,1.81,3.8%,1.9%,58.5%,74.2%,54.5%,Tomas Martin Etcheverry,64.1%,61.5%,0.0%,66.7%,57.1%,5/5,1:31
8‑Nov‑2021,Clay,R16,Camilo Ugo Carabelli,4-6 6-2 7-5,0.88,0.0%,1.0%,76.0%,53.9%,41.7%,Tomas Martin Etcheverry,46.9%,43.1%,0.9%,44.3%,38.1%,5/11,3:04
8‑Nov‑2021,Clay,R32,Genaro Alberto Olivieri,6-1 6-4,1.41,1.6%,0.0%,77.8%,71.4%,57.1%,Tomas Martin Etcheverry,58.2%,44.7%,6.4%,43.3%,47.1%,3/6,1:35
1‑Nov‑2021,Clay,SF,Jesper De Jong,7-5 6-3,0.78,1.7%,1.7%,72.9%,60.5%,37.5%,Tomas Martin Etcheverry,44.4%,35.8%,0.0%,24.4%,59.1%,2/6,1:41
1‑Nov‑2021,Clay,QF,Facundo Bagnis,6-4 6-0,1.58,3.9%,0.0%,66.7%,70.6%,47.1%,Tomas Martin Etcheverry,60.8%,58.8%,3.9%,57.6%,61.1%,6/9,1:29
1‑Nov‑2021,Clay,R16,Nicolas Alvarez Varona,6-4 3-6 7-6(4),0.90,6.6%,1.1%,65.9%,70.0%,67.7%,Tomas Martin Etcheverry,48.6%,27.8%,4.4%,22.8%,36.4%,2/3,2:48
1‑Nov‑2021,Clay,R32,Roberto Quiroz,6-1 3-6 7-5,1.14,1.2%,3.6%,72.6%,65.6%,43.5%,Tomas Martin Etcheverry,52.5%,46.2%,2.2%,45.2%,48.4%,6/13,2:29
25‑Oct‑2021,Clay,QF,Juan Pablo Varillas,6-4 6-4,0.73,4.5%,0.0%,71.2%,57.4%,57.9%,Tomas Martin Etcheverry,44.9%,31.1%,3.3%,35.1%,25.0%,1/4,1:51
25‑Oct‑2021,Clay,R16,Jesper De Jong,7-5 6-4,1.21,6.6%,2.6%,73.7%,66.1%,30.0%,Tomas Martin Etcheverry,54.8%,52.5%,1.7%,39.5%,76.2%,6/6,1:49
18‑Oct‑2021,Clay,QF,Thiago Monteiro,6-4 3-6 7-5,0.88,6.3%,2.1%,68.4%,67.7%,50.0%,Tomas Martin Etcheverry,48.4%,33.3%,1.1%,26.8%,45.2%,3/6,2:49
18‑Oct‑2021,Clay,R16,Renzo Olivo,3-6 7-6(1) 6-4,1.01,0.0%,2.1%,64.9%,66.7%,58.8%,Tomas Martin Etcheverry,49.8%,36.5%,2.9%,29.2%,48.7%,3/11,2:51
18‑Oct‑2021,Clay,R32,Ignacio Monzon,6-0 6-3,1.60,0.0%,0.0%,70.9%,61.5%,43.8%,Tomas Martin Etcheverry,62.1%,70.0%,0.0%,69.2%,71.4%,6/8,1:23
6‑Sep‑2021,Clay,SF,Juan Manuel Cerundolo,6-3 6-3,0.66,1.8%,5.4%,69.6%,43.6%,35.3%,Tomas Martin Etcheverry,40.0%,38.9%,1.9%,39.0%,38.5%,3/5,1:26
6‑Sep‑2021,Clay,QF,Marko Topo,6-3 7-6(6),1.24,7.1%,2.9%,74.3%,67.3%,44.4%,Tomas Martin Etcheverry,54.5%,47.9%,6.8%,43.9%,53.1%,4/4,1:52
6‑Sep‑2021,Clay,R16,Nino Serdarusic,4-6 7-6(4) 6-1,1.27,9.9%,1.1%,71.4%,75.4%,65.4%,Tomas Martin Etcheverry,53.9%,34.8%,4.5%,33.3%,37.5%,3/7,2:32
6‑Sep‑2021,Clay,R32,David Poljak,6-2 7-5,1.64,3.4%,1.7%,62.1%,83.3%,54.5%,Tomas Martin Etcheverry,58.2%,45.3%,6.3%,41.5%,52.2%,4/5,1:31
30‑Aug‑2021,Hard,Q1,Enzo Couacaud,7-5 6-3,0.82,7.8%,4.7%,70.3%,71.1%,31.6%,Tomas Martin Etcheverry,45.9%,33.3%,14.5%,15.4%,56.7%,1/2,1:41
2‑Aug‑2021,Clay,F,Francisco Cerundolo,6-1 6-2,0.64,3.5%,3.5%,66.7%,50.0%,52.6%,Tomas Martin Etcheverry,41.0%,31.7%,6.7%,25.0%,41.7%,0/6,1:33
2‑Aug‑2021,Clay,SF,Marc Andrea Huesler,6-3 1-6 6-3,1.22,4.2%,1.4%,69.0%,77.6%,50.0%,Tomas Martin Etcheverry,51.9%,37.9%,4.6%,27.8%,54.5%,2/8,2:12
2‑Aug‑2021,Clay,QF,Juan Pablo Varillas,6-2 2-6 7-5,1.06,3.4%,2.2%,69.7%,62.9%,48.1%,Tomas Martin Etcheverry,51.5%,43.9%,3.7%,35.6%,54.1%,5/8,2:43
2‑Aug‑2021,Clay,R16,Federico Gaio,6-4 6-3,1.81,8.2%,0.0%,75.5%,89.2%,58.3%,Tomas Martin Etcheverry,56.3%,33.3%,1.9%,24.1%,44.0%,2/7,1:25
2‑Aug‑2021,Clay,R32,Renzo Olivo,5-7 7-6(3) 7-5,1.13,1.9%,1.9%,67.6%,72.6%,42.9%,Tomas Martin Etcheverry,52.0%,41.9%,4.3%,36.0%,58.1%,5/12,3:31
26‑Jul‑2021,Clay,F,Thiago Agustin Tirante,6-1 6-1,3.36,5.7%,0.0%,82.9%,79.3%,100.0%,Tomas Martin Etcheverry,67.0%,57.6%,3.4%,59.1%,53.3%,5/13,1:13
26‑Jul‑2021,Clay,SF,Timofey Skatov,7-5 7-5,1.50,9.7%,1.6%,75.8%,78.7%,46.7%,Tomas Martin Etcheverry,55.0%,43.7%,1.1%,42.4%,47.6%,4/13,2:06
26‑Jul‑2021,Clay,QF,Vitaliy Sachko,6-4 6-4,1.45,5.5%,1.8%,72.7%,70.0%,60.0%,Tomas Martin Etcheverry,55.5%,47.6%,0.0%,42.9%,54.5%,4/11,1:51
26‑Jul‑2021,Clay,R16,Robin Haase,4-6 6-0 6-4,1.17,4.8%,2.4%,65.5%,67.3%,41.4%,Tomas Martin Etcheverry,53.9%,48.6%,4.3%,41.5%,58.6%,7/11,2:03
26‑Jul‑2021,Clay,R32,Camilo Ugo Carabelli,6-3 7-5,1.30,1.5%,1.5%,59.7%,65.0%,59.3%,Tomas Martin Etcheverry,55.6%,48.5%,0.0%,40.5%,62.5%,5/11,1:49
12‑Jul‑2021,Clay,SF,Federico Gaio,6-2 6-2,0.37,0.0%,0.0%,80.0%,47.7%,54.5%,Tomas Martin Etcheverry,36.1%,19.0%,4.8%,9.1%,30.0%,0/1,1:12
12‑Jul‑2021,Clay,QF,Alexander Ritschard,6-1 6-1,2.91,11.4%,0.0%,71.4%,76.0%,90.0%,Tomas Martin Etcheverry,67.9%,58.1%,7.0%,41.7%,78.9%,5/8,1:02
12‑Jul‑2021,Clay,R16,Matteo Arnaldi,2-6 6-3 4-1 RET,1.22,0.0%,4.9%,60.7%,70.3%,50.0%,Tomas Martin Etcheverry,53.3%,46.1%,5.3%,36.0%,65.4%,5/11,1:48
12‑Jul‑2021,Clay,R32,Matteo Viola,6-4 7-6(4),1.40,4.8%,1.6%,74.6%,78.7%,37.5%,Tomas Martin Etcheverry,54.8%,44.6%,3.6%,39.1%,63.2%,3/8,1:49
5‑Jul‑2021,Clay,F,Vitaliy Sachko,7-5 6-2,1.38,12.5%,0.0%,73.6%,67.9%,57.9%,Tomas Martin Etcheverry,56.7%,47.8%,1.4%,47.5%,48.3%,4/8,1:55
5‑Jul‑2021,Clay,SF,Salvatore Caruso,7-5 5-7 6-2,1.34,8.9%,2.2%,61.1%,78.2%,54.3%,Tomas Martin Etcheverry,54.4%,41.7%,2.9%,39.4%,45.9%,5/11,2:57
5‑Jul‑2021,Clay,QF,Nerman Fatic,6-3 6-1,3.50,8.1%,0.0%,70.3%,88.5%,81.8%,Tomas Martin Etcheverry,63.0%,47.3%,9.1%,31.3%,69.6%,4/7,1:14
5‑Jul‑2021,Clay,R16,Dominic Stricker,7-5 6-4,1.75,12.1%,1.7%,77.6%,86.7%,53.8%,Tomas Martin Etcheverry,55.9%,36.2%,8.7%,21.1%,54.8%,2/2,1:31
5‑Jul‑2021,Clay,R32,Andrea Arnaboldi,7-6(3) 6-2,1.94,5.4%,5.4%,73.2%,97.6%,33.3%,Tomas Martin Etcheverry,56.7%,38.0%,2.8%,33.3%,46.2%,2/8,1:52
28‑Jun‑2021,Grass,Q2,Ramkumar Ramanathan,6-3 6-4,0.56,2.1%,6.4%,61.7%,75.9%,55.6%,Tomas Martin Etcheverry,42.3%,18.0%,12.0%,18.2%,17.9%,0/0,0:59
28‑Jun‑2021,Grass,Q1,Cem Ilkel,6-1 6-4,1.47,1.8%,0.0%,80.7%,71.7%,36.4%,Tomas Martin Etcheverry,58.1%,51.7%,0.0%,34.5%,67.7%,5/12,1:21
14‑Jun‑2021,Clay,SF,Mats Moraing,6-3 7-5,0.77,8.9%,3.6%,67.9%,71.1%,61.1%,Tomas Martin Etcheverry,45.3%,24.6%,18.0%,15.4%,40.9%,0/2,1:19
14‑Jun‑2021,Clay,QF,Steven Diez,4-6 6-3 6-2,1.14,5.5%,1.1%,70.3%,68.8%,59.3%,Tomas Martin Etcheverry,54.0%,38.9%,1.4%,41.5%,35.5%,4/4,2:16
14‑Jun‑2021,Clay,R16,Flavio Cobolli,6-4 4-6 6-2,1.20,6.3%,1.3%,61.3%,75.5%,58.1%,Tomas Martin Etcheverry,52.8%,37.3%,1.2%,30.4%,45.9%,4/7,2:07
14‑Jun‑2021,Clay,R32,Malek Jaziri,6-4 6-2,1.61,8.2%,0.0%,77.6%,68.4%,72.7%,Tomas Martin Etcheverry,57.1%,49.4%,0.0%,31.3%,62.2%,4/14,1:35
7‑Jun‑2021,Clay,R16,Cedrik Marcel Stebe,6-1 6-4,0.64,2.2%,4.4%,60.0%,48.1%,44.4%,Tomas Martin Etcheverry,39.6%,33.9%,5.4%,20.6%,54.5%,1/4,1:24
7‑Jun‑2021,Clay,R32,Matteo Martineau,6-4 6-2,1.36,1.8%,0.0%,73.2%,78.0%,46.7%,Tomas Martin Etcheverry,55.3%,41.4%,8.6%,28.2%,68.4%,3/6,1:25
31‑May‑2021,Clay,SF,Holger Rune,7-5 2-6 6-2,0.94,3.4%,1.1%,67.8%,59.3%,60.7%,Tomas Martin Etcheverry,48.9%,37.9%,2.3%,24.5%,58.8%,3/6,2:21
31‑May‑2021,Clay,QF,Kacper Zuk,6-4 6-3,1.34,5.6%,0.0%,63.0%,79.4%,65.0%,Tomas Martin Etcheverry,54.7%,34.6%,3.8%,25.0%,45.8%,3/5,1:25
31‑May‑2021,Clay,R16,Nikola Milojevic,7-5 6-3,1.27,5.0%,3.3%,75.0%,62.2%,46.7%,Tomas Martin Etcheverry,55.1%,52.9%,0.0%,47.9%,59.0%,6/19,1:57
31‑May‑2021,Clay,R32,Maxime Janvier,4-6 6-3 6-0,1.42,4.3%,2.9%,68.1%,68.1%,54.5%,Tomas Martin Etcheverry,57.2%,51.3%,5.3%,45.8%,60.7%,7/9,2:06
31‑May‑2021,Clay,Q2,Kimmer Coppejans,6-7(7) 6-2 6-3,0.74,3.0%,1.0%,64.0%,62.5%,50.0%,Tomas Martin Etcheverry,45.7%,31.0%,3.6%,27.3%,44.4%,1/1,2:27
31‑May‑2021,Clay,Q1,Matthias Bachinger,6-4 6-2,1.87,4.3%,0.0%,83.0%,71.8%,87.5%,Tomas Martin Etcheverry,58.6%,47.8%,0.0%,46.2%,50.0%,4/10,1:25
17‑May‑2021,Clay,SF,Enzo Couacaud,6-1 5-7 6-4,0.84,2.4%,0.0%,63.4%,59.6%,43.3%,Tomas Martin Etcheverry,45.3%,38.9%,3.7%,32.8%,46.0%,4/14,2:36
17‑May‑2021,Clay,QF,Facundo Mena,6-3 6-2,1.87,6.0%,0.0%,80.0%,77.5%,70.0%,Tomas Martin Etcheverry,59.1%,45.0%,0.0%,39.5%,54.5%,3/4,1:34
17‑May‑2021,Clay,R16,Felipe Meligeni Alves,4-6 7-6(0) 4-0 RET,1.32,4.1%,0.0%,62.2%,82.6%,42.9%,Tomas Martin Etcheverry,54.0%,42.7%,3.4%,41.9%,44.4%,4/6,2:34
17‑May‑2021,Clay,R32,Paolo Lorenzi,6-0 7-6(5),1.45,1.7%,1.7%,69.5%,73.2%,50.0%,Tomas Martin Etcheverry,57.8%,49.1%,5.3%,33.3%,63.3%,4/5,1:55
17‑May‑2021,Clay,Q2,Luca Vanni,6-4 6-3,1.50,3.7%,1.9%,64.8%,74.3%,52.6%,Tomas Martin Etcheverry,58.0%,50.0%,0.0%,38.5%,73.7%,4/5,1:46
17‑May‑2021,Clay,Q1,Giovanni Fonio,6-4 6-4,1.49,3.6%,0.0%,73.2%,78.0%,66.7%,Tomas Martin Etcheverry,55.7%,37.3%,1.7%,25.0%,48.4%,2/4,1:40
10‑May‑2021,Clay,R16,Taro Daniel,6-4 6-1,0.71,1.8%,0.0%,52.7%,65.5%,42.3%,Tomas Martin Etcheverry,42.7%,32.3%,4.8%,21.4%,41.2%,1/4,1:32
10‑May‑2021,Clay,R32,Andrey Kuznetsov,6-3 6-2,1.47,9.5%,2.4%,81.0%,61.8%,50.0%,Tomas Martin Etcheverry,59.5%,59.4%,1.4%,60.0%,58.8%,7/17,1:21
10‑May‑2021,Clay,Q2,Mats Moraing,6-3 6-3,0.43,3.3%,5.0%,58.3%,60.0%,48.0%,Tomas Martin Etcheverry,39.6%,19.6%,19.6%,15.6%,28.6%,0/0,1:12
10‑May‑2021,Clay,Q1,Maximilian Marterer,7-6(1) 7-6(4),1.46,9.2%,2.6%,67.1%,78.4%,60.0%,Tomas Martin Etcheverry,54.3%,40.2%,4.1%,36.1%,47.2%,1/8,2:06
3‑May‑2021,Clay,Q2,Kacper Zuk,6-2 6-3,0.56,2.1%,0.0%,72.3%,61.8%,30.8%,Tomas Martin Etcheverry,39.0%,26.4%,7.5%,16.1%,40.9%,0/2,1:11
3‑May‑2021,Clay,Q1,Lukas Lacko,6-1 6-3,2.13,4.3%,0.0%,84.8%,74.4%,85.7%,Tomas Martin Etcheverry,62.9%,51.0%,0.0%,37.5%,63.0%,4/5,1:07
26‑Apr‑2021,Clay,QF,Renzo Olivo,6-4 6-4,0.71,0.0%,1.3%,64.1%,44.0%,50.0%,Tomas Martin Etcheverry,43.1%,38.5%,1.9%,19.4%,66.7%,4/6,1:43
26‑Apr‑2021,Clay,R16,Gregoire Barrere,3-6 6-4 6-3,0.85,5.5%,1.8%,58.7%,71.9%,42.2%,Tomas Martin Etcheverry,48.9%,34.2%,1.3%,29.6%,44.0%,3/7,2:09
26‑Apr‑2021,Clay,R32,Zdenek Kolar,1-6 6-4 6-2,0.98,7.1%,0.0%,72.6%,70.5%,30.4%,Tomas Martin Etcheverry,49.7%,39.5%,1.2%,26.3%,70.8%,4/10,2:10
19‑Apr‑2021,Clay,R32,Thiago Seyboth Wild,6-3 6-1,0.74,0.0%,4.1%,55.1%,40.7%,40.9%,Tomas Martin Etcheverry,42.6%,44.1%,0.0%,37.8%,54.5%,2/12,1:25
15‑Mar‑2021,Clay,R32,Gonzalo Lama,6-4 6-2,0.89,0.0%,0.0%,84.0%,69.0%,12.5%,Tomas Martin Etcheverry,45.2%,35.5%,5.3%,37.8%,32.3%,0/9,1:33
8‑Mar‑2021,Clay,Q2,Agustin Velotti,7-5 4-6 6-3,1.06,6.6%,1.1%,64.8%,67.8%,68.8%,Tomas Martin Etcheverry,50.0%,33.7%,3.0%,17.0%,48.1%,1/4,2:38
22‑Feb‑2021,Clay,R16,Albert Ramos,2-6 7-6(5) 7-5,1.26,5.6%,0.0%,69.7%,72.6%,55.6%,Tomas Martin Etcheverry,53.1%,41.0%,4.8%,31.7%,54.8%,4/9,2:48
22‑Feb‑2021,Clay,R32,Andrej Martin,6-3 7-6(4),1.37,1.5%,0.0%,83.6%,71.4%,45.5%,Tomas Martin Etcheverry,53.9%,45.0%,4.0%,36.8%,55.8%,2/11,2:18
22‑Feb‑2021,Clay,Q3,Ernesto Escobedo,7-5 7-5,1.42,7.6%,1.5%,74.2%,75.5%,52.9%,Tomas Martin Etcheverry,56.5%,43.1%,4.6%,44.4%,40.0%,4/6,1:44
22‑Feb‑2021,Clay,Q2,Christian Lindell,7-5 6-2,1.39,3.2%,0.0%,82.5%,73.1%,45.5%,Tomas Martin Etcheverry,56.5%,44.3%,4.9%,34.3%,57.7%,4/4,1:41
31‑Jan‑2021,Clay,SF,Carlos Taberner,7-5 6-2,0.64,1.6%,1.6%,77.4%,58.3%,35.7%,Tomas Martin Etcheverry,42.0%,29.8%,1.8%,24.4%,43.8%,1/3,1:38
31‑Jan‑2021,Clay,QF,Leonardo Mayer,6-3 6-4,1.46,0.0%,2.0%,75.5%,75.7%,50.0%,Tomas Martin Etcheverry,55.2%,44.8%,6.0%,29.4%,60.6%,4/8,1:34
31‑Jan‑2021,Clay,R16,Thiago Seyboth Wild,6-2 3-6 6-4,1.07,2.1%,0.0%,78.4%,63.2%,66.7%,Tomas Martin Etcheverry,51.3%,38.8%,6.1%,28.6%,52.4%,3/13,2:57
31‑Jan‑2021,Clay,R32,Joao Menezes,2-6 6-1 6-2,1.26,5.2%,0.0%,74.0%,63.2%,50.0%,Tomas Martin Etcheverry,55.5%,50.7%,2.9%,44.4%,62.5%,5/8,1:55
31‑Jan‑2021,Clay,Q2,Andrea Pellegrino,6-0 7-5,1.53,4.3%,2.1%,80.9%,63.2%,66.7%,Tomas Martin Etcheverry,58.9%,55.4%,0.0%,60.0%,40.0%,6/12,1:21
31‑Jan‑2021,Clay,Q1,Danylo Veremeychuk,6-1 6-2,4.70,5.6%,0.0%,77.8%,92.9%,75.0%,Tomas Martin Etcheverry,68.8%,52.3%,0.0%,55.6%,47.1%,4/6,1:00
24‑Jan‑2021,Clay,QF,Cem Ilkel,6-7(5) 6-4 7-6(4),0.88,1.6%,0.8%,72.1%,62.4%,50.0%,Tomas Martin Etcheverry,48.2%,36.2%,5.2%,23.1%,46.9%,4/9,3:43
24‑Jan‑2021,Clay,R16,Joao Domingues,6-1 6-2,1.79,4.5%,0.0%,90.9%,70.0%,50.0%,Tomas Martin Etcheverry,62.1%,56.9%,0.0%,50.0%,70.6%,5/7,1:14
24‑Jan‑2021,Clay,R32,Thiago Seyboth Wild,7-6(5) 6-4,1.07,1.1%,2.1%,73.4%,53.6%,56.0%,Tomas Martin Etcheverry,51.6%,49.0%,3.1%,50.0%,46.9%,5/16,2:44
24‑Jan‑2021,Clay,Q2,Roberto Cid,7-5 6-4,0.94,3.1%,1.5%,73.8%,60.4%,52.9%,Tomas Martin Etcheverry,48.2%,38.9%,2.8%,32.7%,55.0%,2/5,2:05
24‑Jan‑2021,Clay,Q1,Andrea Arnaboldi,6-2 6-4,1.34,1.8%,1.8%,71.9%,73.2%,50.0%,Tomas Martin Etcheverry,54.8%,44.8%,1.5%,45.1%,43.8%,4/11,1:31
4‑Jan‑2021,Hard,R32,Christian Harrison,6-4 6-2,0.60,5.8%,4.3%,63.8%,56.8%,40.0%,Tomas Martin Etcheverry,41.7%,29.4%,19.6%,14.7%,58.8%,1/3,1:20
16‑Nov‑2020,Clay,R32,Pedro Sousa,2-6 6-4 6-4,0.94,2.4%,3.6%,72.3%,66.7%,39.1%,Tomas Martin Etcheverry,49.4%,38.4%,2.7%,36.8%,43.8%,4/4,2:00
19‑Oct‑2020,Hard,R32,Prajnesh Gunneswaran,6-4 3-6 7-6(3),0.73,10.7%,0.0%,69.4%,64.3%,64.9%,Tomas Martin Etcheverry,48.5%,25.9%,7.1%,19.1%,34.2%,1/4,2:25
19‑Oct‑2020,Hard,Q2,Jack Draper,7-6(4) 6-7(5) 6-4,1.21,5.8%,0.0%,69.9%,81.9%,64.5%,Tomas Martin Etcheverry,51.6%,28.2%,8.2%,18.6%,39.2%,1/2,2:33
19‑Oct‑2020,Hard,Q1,Alexandre Aubriot,5-7 7-6(5) 6-1,1.15,17.0%,5.3%,63.8%,75.0%,38.2%,Tomas Martin Etcheverry,52.2%,44.1%,2.7%,26.6%,68.1%,6/14,2:16
12‑Oct‑2020,Clay,Q1,Danilo Petrovic,6-4 6-2,0.60,6.0%,4.5%,58.2%,64.1%,42.9%,Tomas Martin Etcheverry,42.3%,26.8%,12.5%,15.2%,43.5%,0/4,1:30
28‑Sep‑2020,Clay,QF,Pedro Sousa,6-4 7-6(7),0.96,3.0%,1.5%,62.1%,53.7%,52.0%,Tomas Martin Etcheverry,48.6%,44.9%,0.0%,43.3%,54.5%,3/4,1:43
28‑Sep‑2020,Clay,R16,Viktor Troicki,6-1 6-1,2.46,4.9%,2.4%,78.0%,81.3%,55.6%,Tomas Martin Etcheverry,67.4%,60.0%,4.4%,50.0%,76.5%,5/6,1:01
28‑Sep‑2020,Clay,R32,Altug Celikbilek,6-4 6-0,2.89,15.4%,0.0%,74.4%,82.8%,80.0%,Tomas Martin Etcheverry,64.5%,51.9%,3.7%,48.4%,56.5%,4/8,1:11
21‑Sep‑2020,Clay,F,Marc Andrea Huesler,7-5 6-0,0.78,6.0%,6.0%,61.2%,65.9%,23.1%,Tomas Martin Etcheverry,44.3%,39.7%,2.7%,31.7%,50.0%,1/7,1:32
21‑Sep‑2020,Clay,SF,Francisco Cerundolo,6-3 6-0,1.41,5.3%,0.0%,80.7%,63.0%,63.6%,Tomas Martin Etcheverry,57.9%,52.0%,0.0%,51.5%,52.9%,5/9,1:15
21‑Sep‑2020,Clay,QF,Felipe Meligeni Alves,6-3 6-0,2.08,14.6%,2.1%,79.2%,76.3%,70.0%,Tomas Martin Etcheverry,63.5%,52.1%,2.1%,51.7%,52.6%,4/9,1:06
21‑Sep‑2020,Clay,R16,Juan Manuel Cerundolo,6-4 7-6(7),1.04,2.8%,0.0%,74.6%,66.0%,38.9%,Tomas Martin Etcheverry,50.7%,42.5%,2.7%,45.0%,30.8%,4/10,1:43
21‑Sep‑2020,Clay,R32,Quentin Halys,7-6(3) 4-6 7-6(2),1.12,2.6%,2.6%,69.3%,74.7%,48.6%,Tomas Martin Etcheverry,52.0%,37.2%,12.4%,20.6%,62.2%,3/9,2:46
14‑Sep‑2020,Clay,R16,Jurij Rodionov,6-3 6-4,0.57,4.4%,1.5%,63.2%,74.4%,36.0%,Tomas Martin Etcheverry,43.8%,22.6%,13.2%,13.5%,43.8%,0/1,1:35
14‑Sep‑2020,Clay,R32,Quentin Halys,4-6 6-2 6-3,1.24,4.5%,3.4%,75.0%,74.2%,27.3%,Tomas Martin Etcheverry,54.0%,46.5%,2.0%,33.9%,62.2%,5/14,2:30
14‑Sep‑2020,Clay,Q2,Dragos Nicolae Madaras,6-4 6-1,1.33,1.8%,0.0%,65.5%,69.4%,47.4%,Tomas Martin Etcheverry,56.5%,50.9%,3.8%,44.0%,57.1%,5/9,1:24
14‑Sep‑2020,Clay,Q1,Mathieu Perchicot,6-4 6-4,1.33,2.0%,2.0%,74.5%,68.4%,61.5%,Tomas Martin Etcheverry,55.2%,44.4%,0.0%,40.5%,58.3%,4/7,1:24
24‑Aug‑2020,Clay,QF,Carlos Alcaraz,7-6(2) 6-3,0.79,1.3%,2.5%,70.9%,66.1%,43.5%,Tomas Martin Etcheverry,45.9%,32.1%,2.6%,30.4%,36.4%,1/8,1:55
24‑Aug‑2020,Clay,R16,Mats Moraing,6-3 6-4,1.12,9.6%,2.7%,64.4%,78.7%,38.5%,Tomas Martin Etcheverry,53.9%,40.0%,10.9%,32.4%,52.4%,3/4,1:28
24‑Aug‑2020,Clay,R32,Alessandro Giannessi,6-3 4-6 6-1,1.36,9.2%,2.6%,75.0%,63.2%,63.2%,Tomas Martin Etcheverry,56.8%,50.0%,1.4%,46.2%,54.5%,6/8,1:48
24‑Aug‑2020,Clay,Q2,Luca Nardi,6-2 7-6(3),1.72,1.6%,1.6%,72.1%,81.8%,64.7%,Tomas Martin Etcheverry,56.8%,39.4%,1.4%,36.6%,43.3%,2/9,1:31
24‑Aug‑2020,Clay,Q1,Borna Gojo,3-6 6-3 6-2,1.60,7.4%,1.5%,70.6%,81.3%,55.0%,Tomas Martin Etcheverry,54.7%,42.3%,6.7%,28.8%,60.0%,3/15,2:08
2‑Mar‑2020,Hard,R64,Evan King,6-4 6-4,0.79,5.4%,7.1%,55.4%,61.3%,60.0%,Tomas Martin Etcheverry,45.6%,31.0%,8.6%,27.9%,40.0%,1/3,1:08
27‑Jan‑2020,Clay,R32,Alessandro Giannessi,5-7 7-5 6-4,0.90,15.2%,4.0%,66.7%,69.7%,54.5%,Tomas Martin Etcheverry,47.8%,31.7%,9.6%,31.0%,33.3%,2/4,2:45
27‑Jan‑2020,Clay,R64,Facundo Arguello,6-3 6-3,1.37,3.0%,3.0%,77.3%,74.5%,46.7%,Tomas Martin Etcheverry,56.3%,43.5%,3.2%,41.0%,47.8%,3/7,1:41
4‑Nov‑2019,Clay,R64,Renzo Olivo,7-6(3) 6-1,0.81,1.7%,0.0%,67.2%,46.2%,57.9%,Tomas Martin Etcheverry,44.6%,40.3%,2.8%,38.6%,42.9%,2/12,1:34
28‑Oct‑2019,Clay,R32,Facundo Bagnis,6-4 6-3,0.69,4.7%,10.9%,53.1%,67.6%,40.0%,Tomas Martin Etcheverry,42.7%,31.3%,14.9%,24.4%,42.3%,0/8,1:42
28‑Oct‑2019,Clay,R64,Agustin Velotti,6-2 6-3,1.53,12.1%,1.7%,70.7%,82.9%,41.2%,Tomas Martin Etcheverry,57.8%,44.8%,6.9%,38.5%,57.9%,3/5,1:17
21‑Oct‑2019,Clay,R16,Juan Pablo Ficovich,6-2 6-4,0.74,5.9%,8.8%,67.6%,56.5%,50.0%,Tomas Martin Etcheverry,44.1%,33.8%,1.5%,26.8%,44.4%,0/5,1:33
21‑Oct‑2019,Clay,R32,Joao Domingues,6-3 6-2,1.69,1.7%,1.7%,70.0%,78.6%,44.4%,Tomas Martin Etcheverry,62.1%,53.5%,0.0%,46.4%,66.7%,4/4,1:15
21‑Oct‑2019,Clay,R64,Arklon Huertas Del Pino,6-2 6-3,1.66,3.8%,0.0%,77.4%,73.2%,58.3%,Tomas Martin Etcheverry,59.1%,50.0%,1.6%,41.7%,61.5%,4/11,1:16
30‑Sep‑2019,Clay,R32,Andrea Collarini,6-4 6-4,0.65,6.8%,2.7%,55.4%,61.0%,63.6%,Tomas Martin Etcheverry,45.8%,24.6%,8.8%,20.5%,33.3%,0/2,1:44
30‑Sep‑2019,Clay,R64,Matheus Pucinelli De Almeida,6-3 6-4,1.47,3.6%,1.8%,67.3%,83.8%,44.4%,Tomas Martin Etcheverry,56.0%,42.6%,1.6%,41.5%,45.0%,3/8,1:31
23‑Sep‑2019,Clay,R64,Maxime Hamou,6-3 7-6(11),0.68,11.9%,1.5%,61.2%,65.9%,53.8%,Tomas Martin Etcheverry,43.7%,26.5%,4.4%,20.5%,37.5%,1/2,1:33
9‑Sep‑2019,Clay,R64,Marko Miladinovic,6-2 5-7 7-6(5),1.03,3.5%,3.5%,64.0%,61.6%,56.1%,Tomas Martin Etcheverry,50.4%,41.4%,2.6%,31.0%,51.7%,4/14,3:07
12‑Aug‑2019,Hard,R32,Filip Horansky,7-6(3) 6-1,0.64,3.7%,1.9%,66.7%,61.1%,44.4%,Tomas Martin Etcheverry,41.2%,28.3%,3.3%,27.3%,29.6%,1/1,1:18
12‑Aug‑2019,Hard,R64,Jurij Rodionov,6-7(0) 6-2 6-2,1.20,20.2%,4.5%,65.2%,79.3%,45.2%,Tomas Martin Etcheverry,53.0%,39.1%,5.4%,32.8%,50.0%,5/12,2:03
5‑Aug‑2019,Clay,R32,Federico Coria,7-6(4) 4-6 6-4,0.87,4.7%,0.0%,67.0%,70.4%,45.7%,Tomas Martin Etcheverry,47.8%,33.0%,1.0%,32.2%,37.5%,3/10,2:33
5‑Aug‑2019,Clay,R64,Alessandro Bega,6-3 6-2,1.88,11.4%,2.3%,75.0%,81.8%,45.5%,Tomas Martin Etcheverry,62.1%,51.2%,4.7%,57.7%,41.2%,4/6,1:07
12‑Nov‑2018,Clay,Q1,Manuel Pena Lopez,6-3 3-6 7-6(5),1.03,8.6%,3.2%,61.3%,68.4%,50.0%,Tomas Martin Etcheverry,50.0%,40.0%,1.9%,32.1%,49.0%,4/11,3:03
5‑Nov‑2018,Clay,Q2,Andrea Collarini,3-6 7-6(2) 6-4,0.95,2.5%,2.5%,60.8%,68.5%,53.2%,Tomas Martin Etcheverry,50.0%,35.6%,5.8%,25.9%,47.8%,2/10,3:06
5‑Nov‑2018,Clay,Q1,Gonzalo Escobar,6-2 6-4,1.47,7.5%,0.0%,58.5%,77.4%,54.5%,Tomas Martin Etcheverry,57.4%,47.3%,1.8%,43.6%,56.3%,4/9,1:20
29‑Oct‑2018,Clay,Q2,Ulises Blanch,7-6(6) 6-3,1.05,5.1%,5.1%,64.4%,76.3%,57.1%,Tomas Martin Etcheverry,47.6%,32.1%,11.9%,20.0%,46.2%,1/9,1:29
29‑Oct‑2018,Clay,Q1,Cayetano March,6-2 6-7(10) 6-2,1.23,10.1%,7.1%,60.6%,78.3%,41.0%,Tomas Martin Etcheverry,54.4%,44.8%,10.4%,45.8%,43.2%,6/12,2:51
22‑Oct‑2018,Clay,Q1,Genaro Alberto Olivieri,6-4 6-4,0.86,10.5%,1.3%,48.7%,62.2%,43.6%,Tomas Martin Etcheverry,46.7%,40.8%,1.3%,42.0%,38.5%,2/6,1:56
